tech_id,tech_name,tag,details_html,sources,source_label,source_url,tier,year,time_key,category,sub,abatement_bt
afolu_ar,Afforestation / Reforestation & managed land CDR,CDR,"<b>Meaning:</b> Annual net CO2 removal on managed land (incl. afforestation/reforestation; median across scenarios ≤2°C), 2035 via linear interpolation between IPCC 2030 and 2050 medians; <b>Post-2050</b> uses cumulative 2020–2100 median (GtCO2).",IPCC AR6 WG3 Technical Summary / Chapter 12 (CDR volumes; medians and 5–95% ranges),IPCC AR6 WG3,https://www.ipcc.ch/report/ar6/wg3/chapter/technical-summary/,low,2035,y2035,Agriculture & Land,Land use & Forestry,1.39
afolu_ar,Afforestation / Reforestation & managed land CDR,CDR,"<b>Meaning:</b> Annual net CO2 removal on managed land (incl. afforestation/reforestation; median across scenarios ≤2°C), 2035 via linear interpolation between IPCC 2030 and 2050 medians; <b>Post-2050</b> uses cumulative 2020–2100 median (GtCO2).",IPCC AR6 WG3 Technical Summary / Chapter 12 (CDR volumes; medians and 5–95% ranges),IPCC AR6 WG3,https://www.ipcc.ch/report/ar6/wg3/chapter/technical-summary/,high,2035,y2035,Agriculture & Land,Land use & Forestry,1.39
afolu_ar,Afforestation / Reforestation & managed land CDR,CDR,"<b>Meaning:</b> Annual net CO2 removal on managed land (incl. afforestation/reforestation; median across scenarios ≤2°C), 2035 via linear interpolation between IPCC 2030 and 2050 medians; <b>Post-2050</b> uses cumulative 2020–2100 median (GtCO2).",IPCC AR6 WG3 Technical Summary / Chapter 12 (CDR volumes; medians and 5–95% ranges),IPCC AR6 WG3,https://www.ipcc.ch/report/ar6/wg3/chapter/technical-summary/,low,2050,y2050,Agriculture & Land,Land use & Forestry,2.98
afolu_ar,Afforestation / Reforestation & managed land CDR,CDR,"<b>Meaning:</b> Annual net CO2 removal on managed land (incl. afforestation/reforestation; median across scenarios ≤2°C), 2035 via linear interpolation between IPCC 2030 and 2050 medians; <b>Post-2050</b> uses cumulative 2020–2100 median (GtCO2).",IPCC AR6 WG3 Technical Summary / Chapter 12 (CDR volumes; medians and 5–95% ranges),IPCC AR6 WG3,https://www.ipcc.ch/report/ar6/wg3/chapter/technical-summary/,high,2050,y2050,Agriculture & Land,Land use & Forestry,2.98
afolu_ar,Afforestation / Reforestation & managed land CDR,CDR,"<b>Meaning:</b> Annual net CO2 removal on managed land (incl. afforestation/reforestation; median across scenarios ≤2°C), 2035 via linear interpolation between IPCC 2030 and 2050 medians; <b>Post-2050</b> uses cumulative 2020–2100 median (GtCO2).",IPCC AR6 WG3 Technical Summary / Chapter 12 (CDR volumes; medians and 5–95% ranges),IPCC AR6 WG3,https://www.ipcc.ch/report/ar6/wg3/chapter/technical-summary/,low,2100,ypost,Agriculture & Land,Land use & Forestry,252
afolu_ar,Afforestation / Reforestation & managed land CDR,CDR,"<b>Meaning:</b> Annual net CO2 removal on managed land (incl. afforestation/reforestation; median across scenarios ≤2°C), 2035 via linear interpolation between IPCC 2030 and 2050 medians; <b>Post-2050</b> uses cumulative 2020–2100 median (GtCO2).",IPCC AR6 WG3 Technical Summary / Chapter 12 (CDR volumes; medians and 5–95% ranges),IPCC AR6 WG3,https://www.ipcc.ch/report/ar6/wg3/chapter/technical-summary/,high,2100,ypost,Agriculture & Land,Land use & Forestry,252
beccs,BECCS (bioenergy + CCS),CDR,"<b>Meaning:</b> Annual CO2 removal via BECCS (median across scenarios limiting warming to ≤2°C), with 2035 estimated by linear interpolation between IPCC 2030 and 2050 medians; <b>Post-2050</b> uses cumulative 2020–2100 median (GtCO2).",IPCC AR6 WG3 Technical Summary / Chapter 12 (CDR volumes; medians and 5–95% ranges),IPCC AR6 WG3,https://www.ipcc.ch/report/ar6/wg3/chapter/technical-summary/,low,2035,y2035,Power & Heat,Coal,0.545675
beccs,BECCS (bioenergy + CCS),CDR,"<b>Meaning:</b> Annual CO2 removal via BECCS (median across scenarios limiting warming to ≤2°C), with 2035 estimated by linear interpolation between IPCC 2030 and 2050 medians; <b>Post-2050</b> uses cumulative 2020–2100 median (GtCO2).",IPCC AR6 WG3 Technical Summary / Chapter 12 (CDR volumes; medians and 5–95% ranges),IPCC AR6 WG3,https://www.ipcc.ch/report/ar6/wg3/chapter/technical-summary/,high,2035,y2035,Power & Heat,Coal,0.545675
beccs,BECCS (bioenergy + CCS),CDR,"<b>Meaning:</b> Annual CO2 removal via BECCS (median across scenarios limiting warming to ≤2°C), with 2035 estimated by linear interpolation between IPCC 2030 and 2050 medians; <b>Post-2050</b> uses cumulative 2020–2100 median (GtCO2).",IPCC AR6 WG3 Technical Summary / Chapter 12 (CDR volumes; medians and 5–95% ranges),IPCC AR6 WG3,https://www.ipcc.ch/report/ar6/wg3/chapter/technical-summary/,low,2050,y2050,Power & Heat,Coal,2.0075
beccs,BECCS (bioenergy + CCS),CDR,"<b>Meaning:</b> Annual CO2 removal via BECCS (median across scenarios limiting warming to ≤2°C), with 2035 estimated by linear interpolation between IPCC 2030 and 2050 medians; <b>Post-2050</b> uses cumulative 2020–2100 median (GtCO2).",IPCC AR6 WG3 Technical Summary / Chapter 12 (CDR volumes; medians and 5–95% ranges),IPCC AR6 WG3,https://www.ipcc.ch/report/ar6/wg3/chapter/technical-summary/,high,2050,y2050,Power & Heat,Coal,2.0075
beccs,BECCS (bioenergy + CCS),CDR,"<b>Meaning:</b> Annual CO2 removal via BECCS (median across scenarios limiting warming to ≤2°C), with 2035 estimated by linear interpolation between IPCC 2030 and 2050 medians; <b>Post-2050</b> uses cumulative 2020–2100 median (GtCO2).",IPCC AR6 WG3 Technical Summary / Chapter 12 (CDR volumes; medians and 5–95% ranges),IPCC AR6 WG3,https://www.ipcc.ch/report/ar6/wg3/chapter/technical-summary/,low,2100,ypost,Power & Heat,Coal,239.44
beccs,BECCS (bioenergy + CCS),CDR,"<b>Meaning:</b> Annual CO2 removal via BECCS (median across scenarios limiting warming to ≤2°C), with 2035 estimated by linear interpolation between IPCC 2030 and 2050 medians; <b>Post-2050</b> uses cumulative 2020–2100 median (GtCO2).",IPCC AR6 WG3 Technical Summary / Chapter 12 (CDR volumes; medians and 5–95% ranges),IPCC AR6 WG3,https://www.ipcc.ch/report/ar6/wg3/chapter/technical-summary/,high,2100,ypost,Power & Heat,Coal,239.44
beccs,BECCS (bioenergy + CCS),CDR,"<b>Meaning:</b> Annual CO2 removal via BECCS (median across scenarios limiting warming to ≤2°C), with 2035 estimated by linear interpolation between IPCC 2030 and 2050 medians; <b>Post-2050</b> uses cumulative 2020–2100 median (GtCO2).",IPCC AR6 WG3 Technical Summary / Chapter 12 (CDR volumes; medians and 5–95% ranges),IPCC AR6 WG3,https://www.ipcc.ch/report/ar6/wg3/chapter/technical-summary/,low,2035,y2035,Power & Heat,Natural Gas,0.16445
beccs,BECCS (bioenergy + CCS),CDR,"<b>Meaning:</b> Annual CO2 removal via BECCS (median across scenarios limiting warming to ≤2°C), with 2035 estimated by linear interpolation between IPCC 2030 and 2050 medians; <b>Post-2050</b> uses cumulative 2020–2100 median (GtCO2).",IPCC AR6 WG3 Technical Summary / Chapter 12 (CDR volumes; medians and 5–95% ranges),IPCC AR6 WG3,https://www.ipcc.ch/report/ar6/wg3/chapter/technical-summary/,high,2035,y2035,Power & Heat,Natural Gas,0.16445
beccs,BECCS (bioenergy + CCS),CDR,"<b>Meaning:</b> Annual CO2 removal via BECCS (median across scenarios limiting warming to ≤2°C), with 2035 estimated by linear interpolation between IPCC 2030 and 2050 medians; <b>Post-2050</b> uses cumulative 2020–2100 median (GtCO2).",IPCC AR6 WG3 Technical Summary / Chapter 12 (CDR volumes; medians and 5–95% ranges),IPCC AR6 WG3,https://www.ipcc.ch/report/ar6/wg3/chapter/technical-summary/,low,2050,y2050,Power & Heat,Natural Gas,0.605
beccs,BECCS (bioenergy + CCS),CDR,"<b>Meaning:</b> Annual CO2 removal via BECCS (median across scenarios limiting warming to ≤2°C), with 2035 estimated by linear interpolation between IPCC 2030 and 2050 medians; <b>Post-2050</b> uses cumulative 2020–2100 median (GtCO2).",IPCC AR6 WG3 Technical Summary / Chapter 12 (CDR volumes; medians and 5–95% ranges),IPCC AR6 WG3,https://www.ipcc.ch/report/ar6/wg3/chapter/technical-summary/,high,2050,y2050,Power & Heat,Natural Gas,0.605
beccs,BECCS (bioenergy + CCS),CDR,"<b>Meaning:</b> Annual CO2 removal via BECCS (median across scenarios limiting warming to ≤2°C), with 2035 estimated by linear interpolation between IPCC 2030 and 2050 medians; <b>Post-2050</b> uses cumulative 2020–2100 median (GtCO2).",IPCC AR6 WG3 Technical Summary / Chapter 12 (CDR volumes; medians and 5–95% ranges),IPCC AR6 WG3,https://www.ipcc.ch/report/ar6/wg3/chapter/technical-summary/,low,2100,ypost,Power & Heat,Natural Gas,72.16
beccs,BECCS (bioenergy + CCS),CDR,"<b>Meaning:</b> Annual CO2 removal via BECCS (median across scenarios limiting warming to ≤2°C), with 2035 estimated by linear interpolation between IPCC 2030 and 2050 medians; <b>Post-2050</b> uses cumulative 2020–2100 median (GtCO2).",IPCC AR6 WG3 Technical Summary / Chapter 12 (CDR volumes; medians and 5–95% ranges),IPCC AR6 WG3,https://www.ipcc.ch/report/ar6/wg3/chapter/technical-summary/,high,2100,ypost,Power & Heat,Natural Gas,72.16
beccs,BECCS (bioenergy + CCS),CDR,"<b>Meaning:</b> Annual CO2 removal via BECCS (median across scenarios limiting warming to ≤2°C), with 2035 estimated by linear interpolation between IPCC 2030 and 2050 medians; <b>Post-2050</b> uses cumulative 2020–2100 median (GtCO2).",IPCC AR6 WG3 Technical Summary / Chapter 12 (CDR volumes; medians and 5–95% ranges),IPCC AR6 WG3,https://www.ipcc.ch/report/ar6/wg3/chapter/technical-summary/,low,2035,y2035,Power & Heat,Oil,0.037375
beccs,BECCS (bioenergy + CCS),CDR,"<b>Meaning:</b> Annual CO2 removal via BECCS (median across scenarios limiting warming to ≤2°C), with 2035 estimated by linear interpolation between IPCC 2030 and 2050 medians; <b>Post-2050</b> uses cumulative 2020–2100 median (GtCO2).",IPCC AR6 WG3 Technical Summary / Chapter 12 (CDR volumes; medians and 5–95% ranges),IPCC AR6 WG3,https://www.ipcc.ch/report/ar6/wg3/chapter/technical-summary/,high,2035,y2035,Power & Heat,Oil,0.037375
beccs,BECCS (bioenergy + CCS),CDR,"<b>Meaning:</b> Annual CO2 removal via BECCS (median across scenarios limiting warming to ≤2°C), with 2035 estimated by linear interpolation between IPCC 2030 and 2050 medians; <b>Post-2050</b> uses cumulative 2020–2100 median (GtCO2).",IPCC AR6 WG3 Technical Summary / Chapter 12 (CDR volumes; medians and 5–95% ranges),IPCC AR6 WG3,https://www.ipcc.ch/report/ar6/wg3/chapter/technical-summary/,low,2050,y2050,Power & Heat,Oil,0.1375
beccs,BECCS (bioenergy + CCS),CDR,"<b>Meaning:</b> Annual CO2 removal via BECCS (median across scenarios limiting warming to ≤2°C), with 2035 estimated by linear interpolation between IPCC 2030 and 2050 medians; <b>Post-2050</b> uses cumulative 2020–2100 median (GtCO2).",IPCC AR6 WG3 Technical Summary / Chapter 12 (CDR volumes; medians and 5–95% ranges),IPCC AR6 WG3,https://www.ipcc.ch/report/ar6/wg3/chapter/technical-summary/,high,2050,y2050,Power & Heat,Oil,0.1375
beccs,BECCS (bioenergy + CCS),CDR,"<b>Meaning:</b> Annual CO2 removal via BECCS (median across scenarios limiting warming to ≤2°C), with 2035 estimated by linear interpolation between IPCC 2030 and 2050 medians; <b>Post-2050</b> uses cumulative 2020–2100 median (GtCO2).",IPCC AR6 WG3 Technical Summary / Chapter 12 (CDR volumes; medians and 5–95% ranges),IPCC AR6 WG3,https://www.ipcc.ch/report/ar6/wg3/chapter/technical-summary/,low,2100,ypost,Power & Heat,Oil,16.4
beccs,BECCS (bioenergy + CCS),CDR,"<b>Meaning:</b> Annual CO2 removal via BECCS (median across scenarios limiting warming to ≤2°C), with 2035 estimated by linear interpolation between IPCC 2030 and 2050 medians; <b>Post-2050</b> uses cumulative 2020–2100 median (GtCO2).",IPCC AR6 WG3 Technical Summary / Chapter 12 (CDR volumes; medians and 5–95% ranges),IPCC AR6 WG3,https://www.ipcc.ch/report/ar6/wg3/chapter/technical-summary/,high,2100,ypost,Power & Heat,Oil,16.4
biofuels_adv,Advanced sustainable biofuels,Transport fuel switch,"Annual abatement potential based on synthesis of IPCC AR6 WGIII, IEA NZE 2050 and IRENA WETO 1.5°C pathway ranges (order‑of‑magnitude consistent, non‑additive across sectors).",IPCC AR6 WGIII (2022); IEA Net Zero (2021); IRENA WETO (2023),,https://www.ipcc.ch/report/ar6/wg3/,low,2035,y2035,Transport,Aviation,0.18
biofuels_adv,Advanced sustainable biofuels,Transport fuel switch,"Annual abatement potential based on synthesis of IPCC AR6 WGIII, IEA NZE 2050 and IRENA WETO 1.5°C pathway ranges (order‑of‑magnitude consistent, non‑additive across sectors).",IPCC AR6 WGIII (2022); IEA Net Zero (2021); IRENA WETO (2023),,https://www.ipcc.ch/report/ar6/wg3/,high,2035,y2035,Transport,Aviation,0.18
biofuels_adv,Advanced sustainable biofuels,Transport fuel switch,"Annual abatement potential based on synthesis of IPCC AR6 WGIII, IEA NZE 2050 and IRENA WETO 1.5°C pathway ranges (order‑of‑magnitude consistent, non‑additive across sectors).",IPCC AR6 WGIII (2022); IEA Net Zero (2021); IRENA WETO (2023),,https://www.ipcc.ch/report/ar6/wg3/,low,2050,y2050,Transport,Aviation,0.45
biofuels_adv,Advanced sustainable biofuels,Transport fuel switch,"Annual abatement potential based on synthesis of IPCC AR6 WGIII, IEA NZE 2050 and IRENA WETO 1.5°C pathway ranges (order‑of‑magnitude consistent, non‑additive across sectors).",IPCC AR6 WGIII (2022); IEA Net Zero (2021); IRENA WETO (2023),,https://www.ipcc.ch/report/ar6/wg3/,high,2050,y2050,Transport,Aviation,0.45
biofuels_adv,Advanced sustainable biofuels,Transport fuel switch,"Annual abatement potential based on synthesis of IPCC AR6 WGIII, IEA NZE 2050 and IRENA WETO 1.5°C pathway ranges (order‑of‑magnitude consistent, non‑additive across sectors).",IPCC AR6 WGIII (2022); IEA Net Zero (2021); IRENA WETO (2023),,https://www.ipcc.ch/report/ar6/wg3/,low,2100,ypost,Transport,Aviation,0
biofuels_adv,Advanced sustainable biofuels,Transport fuel switch,"Annual abatement potential based on synthesis of IPCC AR6 WGIII, IEA NZE 2050 and IRENA WETO 1.5°C pathway ranges (order‑of‑magnitude consistent, non‑additive across sectors).",IPCC AR6 WGIII (2022); IEA Net Zero (2021); IRENA WETO (2023),,https://www.ipcc.ch/report/ar6/wg3/,high,2100,ypost,Transport,Aviation,0
biofuels_adv,Advanced sustainable biofuels,Transport fuel switch,"Annual abatement potential based on synthesis of IPCC AR6 WGIII, IEA NZE 2050 and IRENA WETO 1.5°C pathway ranges (order‑of‑magnitude consistent, non‑additive across sectors).",IPCC AR6 WGIII (2022); IEA Net Zero (2021); IRENA WETO (2023),,https://www.ipcc.ch/report/ar6/wg3/,low,2035,y2035,Transport,Road,0.42
biofuels_adv,Advanced sustainable biofuels,Transport fuel switch,"Annual abatement potential based on synthesis of IPCC AR6 WGIII, IEA NZE 2050 and IRENA WETO 1.5°C pathway ranges (order‑of‑magnitude consistent, non‑additive across sectors).",IPCC AR6 WGIII (2022); IEA Net Zero (2021); IRENA WETO (2023),,https://www.ipcc.ch/report/ar6/wg3/,high,2035,y2035,Transport,Road,0.42
biofuels_adv,Advanced sustainable biofuels,Transport fuel switch,"Annual abatement potential based on synthesis of IPCC AR6 WGIII, IEA NZE 2050 and IRENA WETO 1.5°C pathway ranges (order‑of‑magnitude consistent, non‑additive across sectors).",IPCC AR6 WGIII (2022); IEA Net Zero (2021); IRENA WETO (2023),,https://www.ipcc.ch/report/ar6/wg3/,low,2050,y2050,Transport,Road,1.05
biofuels_adv,Advanced sustainable biofuels,Transport fuel switch,"Annual abatement potential based on synthesis of IPCC AR6 WGIII, IEA NZE 2050 and IRENA WETO 1.5°C pathway ranges (order‑of‑magnitude consistent, non‑additive across sectors).",IPCC AR6 WGIII (2022); IEA Net Zero (2021); IRENA WETO (2023),,https://www.ipcc.ch/report/ar6/wg3/,high,2050,y2050,Transport,Road,1.05
biofuels_adv,Advanced sustainable biofuels,Transport fuel switch,"Annual abatement potential based on synthesis of IPCC AR6 WGIII, IEA NZE 2050 and IRENA WETO 1.5°C pathway ranges (order‑of‑magnitude consistent, non‑additive across sectors).",IPCC AR6 WGIII (2022); IEA Net Zero (2021); IRENA WETO (2023),,https://www.ipcc.ch/report/ar6/wg3/,low,2100,ypost,Transport,Road,0
biofuels_adv,Advanced sustainable biofuels,Transport fuel switch,"Annual abatement potential based on synthesis of IPCC AR6 WGIII, IEA NZE 2050 and IRENA WETO 1.5°C pathway ranges (order‑of‑magnitude consistent, non‑additive across sectors).",IPCC AR6 WGIII (2022); IEA Net Zero (2021); IRENA WETO (2023),,https://www.ipcc.ch/report/ar6/wg3/,high,2100,ypost,Transport,Road,0
ccs_industry,CCS in industry,Industry,<b>Anchor evidence:</b> UNEP-CCC identifies an industrial CCS component of <b>~0.5 GtCO2</b> by 2035 (within a larger industry total).<br/><b>Translation:</b> allocate the 2035 CCS cap across <i>Cement</i> and <i>Chemicals</i> proportional to their emissions; for 2050/post-2050 use indicative rising fractions (edit as needed).,UNEP-CCC 2035 sectoral potentials (industry CCS component)|https://unepccc.org/wp-content/uploads/2024/10/sectoral-greenhouse-gas-emissions-reductions-potentials-in-2035.pdf,,,low,2035,y2035,Industry,Cement,0.188088
ccs_industry,CCS in industry,Industry,<b>Anchor evidence:</b> UNEP-CCC identifies an industrial CCS component of <b>~0.5 GtCO2</b> by 2035 (within a larger industry total).<br/><b>Translation:</b> allocate the 2035 CCS cap across <i>Cement</i> and <i>Chemicals</i> proportional to their emissions; for 2050/post-2050 use indicative rising fractions (edit as needed).,UNEP-CCC 2035 sectoral potentials (industry CCS component)|https://unepccc.org/wp-content/uploads/2024/10/sectoral-greenhouse-gas-emissions-reductions-potentials-in-2035.pdf,,,high,2035,y2035,Industry,Cement,0.125
ccs_industry,CCS in industry,Industry,<b>Anchor evidence:</b> UNEP-CCC identifies an industrial CCS component of <b>~0.5 GtCO2</b> by 2035 (within a larger industry total).<br/><b>Translation:</b> allocate the 2035 CCS cap across <i>Cement</i> and <i>Chemicals</i> proportional to their emissions; for 2050/post-2050 use indicative rising fractions (edit as needed).,UNEP-CCC 2035 sectoral potentials (industry CCS component)|https://unepccc.org/wp-content/uploads/2024/10/sectoral-greenhouse-gas-emissions-reductions-potentials-in-2035.pdf,,,low,2050,y2050,Industry,Cement,0.343
ccs_industry,CCS in industry,Industry,<b>Anchor evidence:</b> UNEP-CCC identifies an industrial CCS component of <b>~0.5 GtCO2</b> by 2035 (within a larger industry total).<br/><b>Translation:</b> allocate the 2035 CCS cap across <i>Cement</i> and <i>Chemicals</i> proportional to their emissions; for 2050/post-2050 use indicative rising fractions (edit as needed).,UNEP-CCC 2035 sectoral potentials (industry CCS component)|https://unepccc.org/wp-content/uploads/2024/10/sectoral-greenhouse-gas-emissions-reductions-potentials-in-2035.pdf,,,high,2050,y2050,Industry,Cement,0.1155
ccs_industry,CCS in industry,Industry,<b>Anchor evidence:</b> UNEP-CCC identifies an industrial CCS component of <b>~0.5 GtCO2</b> by 2035 (within a larger industry total).<br/><b>Translation:</b> allocate the 2035 CCS cap across <i>Cement</i> and <i>Chemicals</i> proportional to their emissions; for 2050/post-2050 use indicative rising fractions (edit as needed).,UNEP-CCC 2035 sectoral potentials (industry CCS component)|https://unepccc.org/wp-content/uploads/2024/10/sectoral-greenhouse-gas-emissions-reductions-potentials-in-2035.pdf,,,low,2100,ypost,Industry,Cement,0
ccs_industry,CCS in industry,Industry,<b>Anchor evidence:</b> UNEP-CCC identifies an industrial CCS component of <b>~0.5 GtCO2</b> by 2035 (within a larger industry total).<br/><b>Translation:</b> allocate the 2035 CCS cap across <i>Cement</i> and <i>Chemicals</i> proportional to their emissions; for 2050/post-2050 use indicative rising fractions (edit as needed).,UNEP-CCC 2035 sectoral potentials (industry CCS component)|https://unepccc.org/wp-content/uploads/2024/10/sectoral-greenhouse-gas-emissions-reductions-potentials-in-2035.pdf,,,high,2100,ypost,Industry,Cement,0
ccs_industry,CCS in industry,Industry,<b>Anchor evidence:</b> UNEP-CCC identifies an industrial CCS component of <b>~0.5 GtCO2</b> by 2035 (within a larger industry total).<br/><b>Translation:</b> allocate the 2035 CCS cap across <i>Cement</i> and <i>Chemicals</i> proportional to their emissions; for 2050/post-2050 use indicative rising fractions (edit as needed).,UNEP-CCC 2035 sectoral potentials (industry CCS component)|https://unepccc.org/wp-content/uploads/2024/10/sectoral-greenhouse-gas-emissions-reductions-potentials-in-2035.pdf,,,low,2035,y2035,Industry,Chemicals,0.311912
ccs_industry,CCS in industry,Industry,<b>Anchor evidence:</b> UNEP-CCC identifies an industrial CCS component of <b>~0.5 GtCO2</b> by 2035 (within a larger industry total).<br/><b>Translation:</b> allocate the 2035 CCS cap across <i>Cement</i> and <i>Chemicals</i> proportional to their emissions; for 2050/post-2050 use indicative rising fractions (edit as needed).,UNEP-CCC 2035 sectoral potentials (industry CCS component)|https://unepccc.org/wp-content/uploads/2024/10/sectoral-greenhouse-gas-emissions-reductions-potentials-in-2035.pdf,,,high,2035,y2035,Industry,Chemicals,0.375
ccs_industry,CCS in industry,Industry,<b>Anchor evidence:</b> UNEP-CCC identifies an industrial CCS component of <b>~0.5 GtCO2</b> by 2035 (within a larger industry total).<br/><b>Translation:</b> allocate the 2035 CCS cap across <i>Cement</i> and <i>Chemicals</i> proportional to their emissions; for 2050/post-2050 use indicative rising fractions (edit as needed).,UNEP-CCC 2035 sectoral potentials (industry CCS component)|https://unepccc.org/wp-content/uploads/2024/10/sectoral-greenhouse-gas-emissions-reductions-potentials-in-2035.pdf,,,low,2050,y2050,Industry,Chemicals,0.539
ccs_industry,CCS in industry,Industry,<b>Anchor evidence:</b> UNEP-CCC identifies an industrial CCS component of <b>~0.5 GtCO2</b> by 2035 (within a larger industry total).<br/><b>Translation:</b> allocate the 2035 CCS cap across <i>Cement</i> and <i>Chemicals</i> proportional to their emissions; for 2050/post-2050 use indicative rising fractions (edit as needed).,UNEP-CCC 2035 sectoral potentials (industry CCS component)|https://unepccc.org/wp-content/uploads/2024/10/sectoral-greenhouse-gas-emissions-reductions-potentials-in-2035.pdf,,,high,2050,y2050,Industry,Chemicals,0.343
ccs_industry,CCS in industry,Industry,<b>Anchor evidence:</b> UNEP-CCC identifies an industrial CCS component of <b>~0.5 GtCO2</b> by 2035 (within a larger industry total).<br/><b>Translation:</b> allocate the 2035 CCS cap across <i>Cement</i> and <i>Chemicals</i> proportional to their emissions; for 2050/post-2050 use indicative rising fractions (edit as needed).,UNEP-CCC 2035 sectoral potentials (industry CCS component)|https://unepccc.org/wp-content/uploads/2024/10/sectoral-greenhouse-gas-emissions-reductions-potentials-in-2035.pdf,,,low,2100,ypost,Industry,Chemicals,0
ccs_industry,CCS in industry,Industry,<b>Anchor evidence:</b> UNEP-CCC identifies an industrial CCS component of <b>~0.5 GtCO2</b> by 2035 (within a larger industry total).<br/><b>Translation:</b> allocate the 2035 CCS cap across <i>Cement</i> and <i>Chemicals</i> proportional to their emissions; for 2050/post-2050 use indicative rising fractions (edit as needed).,UNEP-CCC 2035 sectoral potentials (industry CCS component)|https://unepccc.org/wp-content/uploads/2024/10/sectoral-greenhouse-gas-emissions-reductions-potentials-in-2035.pdf,,,high,2100,ypost,Industry,Chemicals,0
daccs,DACCS,CDR,"<b>Meaning:</b> Annual CO2 removal via Direct Air Carbon Capture & Storage (median across scenarios ≤2°C), 2035 via linear interpolation between IPCC 2030 and 2050 medians; <b>Post-2050</b> uses cumulative 2020–2100 median (GtCO2).",IPCC AR6 WG3 Technical Summary / Chapter 12 (CDR volumes; medians and 5–95% ranges),,https://www.ipcc.ch/report/ar6/wg3/chapter/technical-summary/,low,2035,y2035,Other,Residual,0.005
daccs,DACCS,CDR,"<b>Meaning:</b> Annual CO2 removal via Direct Air Carbon Capture & Storage (median across scenarios ≤2°C), 2035 via linear interpolation between IPCC 2030 and 2050 medians; <b>Post-2050</b> uses cumulative 2020–2100 median (GtCO2).",IPCC AR6 WG3 Technical Summary / Chapter 12 (CDR volumes; medians and 5–95% ranges),,https://www.ipcc.ch/report/ar6/wg3/chapter/technical-summary/,high,2035,y2035,Other,Residual,0.005
daccs,DACCS,CDR,"<b>Meaning:</b> Annual CO2 removal via Direct Air Carbon Capture & Storage (median across scenarios ≤2°C), 2035 via linear interpolation between IPCC 2030 and 2050 medians; <b>Post-2050</b> uses cumulative 2020–2100 median (GtCO2).",IPCC AR6 WG3 Technical Summary / Chapter 12 (CDR volumes; medians and 5–95% ranges),,https://www.ipcc.ch/report/ar6/wg3/chapter/technical-summary/,low,2050,y2050,Other,Residual,0.02
daccs,DACCS,CDR,"<b>Meaning:</b> Annual CO2 removal via Direct Air Carbon Capture & Storage (median across scenarios ≤2°C), 2035 via linear interpolation between IPCC 2030 and 2050 medians; <b>Post-2050</b> uses cumulative 2020–2100 median (GtCO2).",IPCC AR6 WG3 Technical Summary / Chapter 12 (CDR volumes; medians and 5–95% ranges),,https://www.ipcc.ch/report/ar6/wg3/chapter/technical-summary/,high,2050,y2050,Other,Residual,0.02
daccs,DACCS,CDR,"<b>Meaning:</b> Annual CO2 removal via Direct Air Carbon Capture & Storage (median across scenarios ≤2°C), 2035 via linear interpolation between IPCC 2030 and 2050 medians; <b>Post-2050</b> uses cumulative 2020–2100 median (GtCO2).",IPCC AR6 WG3 Technical Summary / Chapter 12 (CDR volumes; medians and 5–95% ranges),,https://www.ipcc.ch/report/ar6/wg3/chapter/technical-summary/,low,2100,ypost,Other,Residual,29
daccs,DACCS,CDR,"<b>Meaning:</b> Annual CO2 removal via Direct Air Carbon Capture & Storage (median across scenarios ≤2°C), 2035 via linear interpolation between IPCC 2030 and 2050 medians; <b>Post-2050</b> uses cumulative 2020–2100 median (GtCO2).",IPCC AR6 WG3 Technical Summary / Chapter 12 (CDR volumes; medians and 5–95% ranges),,https://www.ipcc.ch/report/ar6/wg3/chapter/technical-summary/,high,2100,ypost,Other,Residual,29
energy_storage,Grid‑scale energy storage,Power flexibility,"Annual abatement potential based on synthesis of IPCC AR6 WGIII, IEA NZE 2050 and IRENA WETO 1.5°C pathway ranges (order‑of‑magnitude consistent, non‑additive across sectors).",IPCC AR6 WGIII (2022); IEA Net Zero (2021); IRENA WETO (2023),,https://www.ipcc.ch/report/ar6/wg3/,low,2035,y2035,Power & Heat,Coal,0.219
energy_storage,Grid‑scale energy storage,Power flexibility,"Annual abatement potential based on synthesis of IPCC AR6 WGIII, IEA NZE 2050 and IRENA WETO 1.5°C pathway ranges (order‑of‑magnitude consistent, non‑additive across sectors).",IPCC AR6 WGIII (2022); IEA Net Zero (2021); IRENA WETO (2023),,https://www.ipcc.ch/report/ar6/wg3/,high,2035,y2035,Power & Heat,Coal,0.219
energy_storage,Grid‑scale energy storage,Power flexibility,"Annual abatement potential based on synthesis of IPCC AR6 WGIII, IEA NZE 2050 and IRENA WETO 1.5°C pathway ranges (order‑of‑magnitude consistent, non‑additive across sectors).",IPCC AR6 WGIII (2022); IEA Net Zero (2021); IRENA WETO (2023),,https://www.ipcc.ch/report/ar6/wg3/,low,2050,y2050,Power & Heat,Coal,0.657
energy_storage,Grid‑scale energy storage,Power flexibility,"Annual abatement potential based on synthesis of IPCC AR6 WGIII, IEA NZE 2050 and IRENA WETO 1.5°C pathway ranges (order‑of‑magnitude consistent, non‑additive across sectors).",IPCC AR6 WGIII (2022); IEA Net Zero (2021); IRENA WETO (2023),,https://www.ipcc.ch/report/ar6/wg3/,high,2050,y2050,Power & Heat,Coal,0.657
energy_storage,Grid‑scale energy storage,Power flexibility,"Annual abatement potential based on synthesis of IPCC AR6 WGIII, IEA NZE 2050 and IRENA WETO 1.5°C pathway ranges (order‑of‑magnitude consistent, non‑additive across sectors).",IPCC AR6 WGIII (2022); IEA Net Zero (2021); IRENA WETO (2023),,https://www.ipcc.ch/report/ar6/wg3/,low,2100,ypost,Power & Heat,Coal,0
energy_storage,Grid‑scale energy storage,Power flexibility,"Annual abatement potential based on synthesis of IPCC AR6 WGIII, IEA NZE 2050 and IRENA WETO 1.5°C pathway ranges (order‑of‑magnitude consistent, non‑additive across sectors).",IPCC AR6 WGIII (2022); IEA Net Zero (2021); IRENA WETO (2023),,https://www.ipcc.ch/report/ar6/wg3/,high,2100,ypost,Power & Heat,Coal,0
energy_storage,Grid‑scale energy storage,Power flexibility,"Annual abatement potential based on synthesis of IPCC AR6 WGIII, IEA NZE 2050 and IRENA WETO 1.5°C pathway ranges (order‑of‑magnitude consistent, non‑additive across sectors).",IPCC AR6 WGIII (2022); IEA Net Zero (2021); IRENA WETO (2023),,https://www.ipcc.ch/report/ar6/wg3/,low,2035,y2035,Power & Heat,Natural Gas,0.066
energy_storage,Grid‑scale energy storage,Power flexibility,"Annual abatement potential based on synthesis of IPCC AR6 WGIII, IEA NZE 2050 and IRENA WETO 1.5°C pathway ranges (order‑of‑magnitude consistent, non‑additive across sectors).",IPCC AR6 WGIII (2022); IEA Net Zero (2021); IRENA WETO (2023),,https://www.ipcc.ch/report/ar6/wg3/,high,2035,y2035,Power & Heat,Natural Gas,0.066
energy_storage,Grid‑scale energy storage,Power flexibility,"Annual abatement potential based on synthesis of IPCC AR6 WGIII, IEA NZE 2050 and IRENA WETO 1.5°C pathway ranges (order‑of‑magnitude consistent, non‑additive across sectors).",IPCC AR6 WGIII (2022); IEA Net Zero (2021); IRENA WETO (2023),,https://www.ipcc.ch/report/ar6/wg3/,low,2050,y2050,Power & Heat,Natural Gas,0.198
energy_storage,Grid‑scale energy storage,Power flexibility,"Annual abatement potential based on synthesis of IPCC AR6 WGIII, IEA NZE 2050 and IRENA WETO 1.5°C pathway ranges (order‑of‑magnitude consistent, non‑additive across sectors).",IPCC AR6 WGIII (2022); IEA Net Zero (2021); IRENA WETO (2023),,https://www.ipcc.ch/report/ar6/wg3/,high,2050,y2050,Power & Heat,Natural Gas,0.198
energy_storage,Grid‑scale energy storage,Power flexibility,"Annual abatement potential based on synthesis of IPCC AR6 WGIII, IEA NZE 2050 and IRENA WETO 1.5°C pathway ranges (order‑of‑magnitude consistent, non‑additive across sectors).",IPCC AR6 WGIII (2022); IEA Net Zero (2021); IRENA WETO (2023),,https://www.ipcc.ch/report/ar6/wg3/,low,2100,ypost,Power & Heat,Natural Gas,0
energy_storage,Grid‑scale energy storage,Power flexibility,"Annual abatement potential based on synthesis of IPCC AR6 WGIII, IEA NZE 2050 and IRENA WETO 1.5°C pathway ranges (order‑of‑magnitude consistent, non‑additive across sectors).",IPCC AR6 WGIII (2022); IEA Net Zero (2021); IRENA WETO (2023),,https://www.ipcc.ch/report/ar6/wg3/,high,2100,ypost,Power & Heat,Natural Gas,0
energy_storage,Grid‑scale energy storage,Power flexibility,"Annual abatement potential based on synthesis of IPCC AR6 WGIII, IEA NZE 2050 and IRENA WETO 1.5°C pathway ranges (order‑of‑magnitude consistent, non‑additive across sectors).",IPCC AR6 WGIII (2022); IEA Net Zero (2021); IRENA WETO (2023),,https://www.ipcc.ch/report/ar6/wg3/,low,2035,y2035,Power & Heat,Oil,0.015
energy_storage,Grid‑scale energy storage,Power flexibility,"Annual abatement potential based on synthesis of IPCC AR6 WGIII, IEA NZE 2050 and IRENA WETO 1.5°C pathway ranges (order‑of‑magnitude consistent, non‑additive across sectors).",IPCC AR6 WGIII (2022); IEA Net Zero (2021); IRENA WETO (2023),,https://www.ipcc.ch/report/ar6/wg3/,high,2035,y2035,Power & Heat,Oil,0.015
energy_storage,Grid‑scale energy storage,Power flexibility,"Annual abatement potential based on synthesis of IPCC AR6 WGIII, IEA NZE 2050 and IRENA WETO 1.5°C pathway ranges (order‑of‑magnitude consistent, non‑additive across sectors).",IPCC AR6 WGIII (2022); IEA Net Zero (2021); IRENA WETO (2023),,https://www.ipcc.ch/report/ar6/wg3/,low,2050,y2050,Power & Heat,Oil,0.045
energy_storage,Grid‑scale energy storage,Power flexibility,"Annual abatement potential based on synthesis of IPCC AR6 WGIII, IEA NZE 2050 and IRENA WETO 1.5°C pathway ranges (order‑of‑magnitude consistent, non‑additive across sectors).",IPCC AR6 WGIII (2022); IEA Net Zero (2021); IRENA WETO (2023),,https://www.ipcc.ch/report/ar6/wg3/,high,2050,y2050,Power & Heat,Oil,0.045
energy_storage,Grid‑scale energy storage,Power flexibility,"Annual abatement potential based on synthesis of IPCC AR6 WGIII, IEA NZE 2050 and IRENA WETO 1.5°C pathway ranges (order‑of‑magnitude consistent, non‑additive across sectors).",IPCC AR6 WGIII (2022); IEA Net Zero (2021); IRENA WETO (2023),,https://www.ipcc.ch/report/ar6/wg3/,low,2100,ypost,Power & Heat,Oil,0
energy_storage,Grid‑scale energy storage,Power flexibility,"Annual abatement potential based on synthesis of IPCC AR6 WGIII, IEA NZE 2050 and IRENA WETO 1.5°C pathway ranges (order‑of‑magnitude consistent, non‑additive across sectors).",IPCC AR6 WGIII (2022); IEA Net Zero (2021); IRENA WETO (2023),,https://www.ipcc.ch/report/ar6/wg3/,high,2100,ypost,Power & Heat,Oil,0
green_hydrogen,Green hydrogen,Hydrogen,"Annual abatement potential based on synthesis of IPCC AR6 WGIII, IEA NZE 2050 and IRENA WETO 1.5°C pathway ranges (order‑of‑magnitude consistent, non‑additive across sectors).",IPCC AR6 WGIII (2022); IEA Net Zero (2021); IRENA WETO (2023),,https://www.ipcc.ch/report/ar6/wg3/,low,2035,y2035,Industry,Chemicals,0.32
green_hydrogen,Green hydrogen,Hydrogen,"Annual abatement potential based on synthesis of IPCC AR6 WGIII, IEA NZE 2050 and IRENA WETO 1.5°C pathway ranges (order‑of‑magnitude consistent, non‑additive across sectors).",IPCC AR6 WGIII (2022); IEA Net Zero (2021); IRENA WETO (2023),,https://www.ipcc.ch/report/ar6/wg3/,high,2035,y2035,Industry,Chemicals,0.32
green_hydrogen,Green hydrogen,Hydrogen,"Annual abatement potential based on synthesis of IPCC AR6 WGIII, IEA NZE 2050 and IRENA WETO 1.5°C pathway ranges (order‑of‑magnitude consistent, non‑additive across sectors).",IPCC AR6 WGIII (2022); IEA Net Zero (2021); IRENA WETO (2023),,https://www.ipcc.ch/report/ar6/wg3/,low,2050,y2050,Industry,Chemicals,1
green_hydrogen,Green hydrogen,Hydrogen,"Annual abatement potential based on synthesis of IPCC AR6 WGIII, IEA NZE 2050 and IRENA WETO 1.5°C pathway ranges (order‑of‑magnitude consistent, non‑additive across sectors).",IPCC AR6 WGIII (2022); IEA Net Zero (2021); IRENA WETO (2023),,https://www.ipcc.ch/report/ar6/wg3/,high,2050,y2050,Industry,Chemicals,1
green_hydrogen,Green hydrogen,Hydrogen,"Annual abatement potential based on synthesis of IPCC AR6 WGIII, IEA NZE 2050 and IRENA WETO 1.5°C pathway ranges (order‑of‑magnitude consistent, non‑additive across sectors).",IPCC AR6 WGIII (2022); IEA Net Zero (2021); IRENA WETO (2023),,https://www.ipcc.ch/report/ar6/wg3/,low,2100,ypost,Industry,Chemicals,0
green_hydrogen,Green hydrogen,Hydrogen,"Annual abatement potential based on synthesis of IPCC AR6 WGIII, IEA NZE 2050 and IRENA WETO 1.5°C pathway ranges (order‑of‑magnitude consistent, non‑additive across sectors).",IPCC AR6 WGIII (2022); IEA Net Zero (2021); IRENA WETO (2023),,https://www.ipcc.ch/report/ar6/wg3/,high,2100,ypost,Industry,Chemicals,0
green_hydrogen,Green hydrogen,Hydrogen,"Annual abatement potential based on synthesis of IPCC AR6 WGIII, IEA NZE 2050 and IRENA WETO 1.5°C pathway ranges (order‑of‑magnitude consistent, non‑additive across sectors).",IPCC AR6 WGIII (2022); IEA Net Zero (2021); IRENA WETO (2023),,https://www.ipcc.ch/report/ar6/wg3/,low,2035,y2035,Industry,Iron & Steel,0.32
green_hydrogen,Green hydrogen,Hydrogen,"Annual abatement potential based on synthesis of IPCC AR6 WGIII, IEA NZE 2050 and IRENA WETO 1.5°C pathway ranges (order‑of‑magnitude consistent, non‑additive across sectors).",IPCC AR6 WGIII (2022); IEA Net Zero (2021); IRENA WETO (2023),,https://www.ipcc.ch/report/ar6/wg3/,high,2035,y2035,Industry,Iron & Steel,0.32
green_hydrogen,Green hydrogen,Hydrogen,"Annual abatement potential based on synthesis of IPCC AR6 WGIII, IEA NZE 2050 and IRENA WETO 1.5°C pathway ranges (order‑of‑magnitude consistent, non‑additive across sectors).",IPCC AR6 WGIII (2022); IEA Net Zero (2021); IRENA WETO (2023),,https://www.ipcc.ch/report/ar6/wg3/,low,2050,y2050,Industry,Iron & Steel,1
green_hydrogen,Green hydrogen,Hydrogen,"Annual abatement potential based on synthesis of IPCC AR6 WGIII, IEA NZE 2050 and IRENA WETO 1.5°C pathway ranges (order‑of‑magnitude consistent, non‑additive across sectors).",IPCC AR6 WGIII (2022); IEA Net Zero (2021); IRENA WETO (2023),,https://www.ipcc.ch/report/ar6/wg3/,high,2050,y2050,Industry,Iron & Steel,1
green_hydrogen,Green hydrogen,Hydrogen,"Annual abatement potential based on synthesis of IPCC AR6 WGIII, IEA NZE 2050 and IRENA WETO 1.5°C pathway ranges (order‑of‑magnitude consistent, non‑additive across sectors).",IPCC AR6 WGIII (2022); IEA Net Zero (2021); IRENA WETO (2023),,https://www.ipcc.ch/report/ar6/wg3/,low,2100,ypost,Industry,Iron & Steel,0
green_hydrogen,Green hydrogen,Hydrogen,"Annual abatement potential based on synthesis of IPCC AR6 WGIII, IEA NZE 2050 and IRENA WETO 1.5°C pathway ranges (order‑of‑magnitude consistent, non‑additive across sectors).",IPCC AR6 WGIII (2022); IEA Net Zero (2021); IRENA WETO (2023),,https://www.ipcc.ch/report/ar6/wg3/,high,2100,ypost,Industry,Iron & Steel,0
green_hydrogen,Green hydrogen,Hydrogen,"Annual abatement potential based on synthesis of IPCC AR6 WGIII, IEA NZE 2050 and IRENA WETO 1.5°C pathway ranges (order‑of‑magnitude consistent, non‑additive across sectors).",IPCC AR6 WGIII (2022); IEA Net Zero (2021); IRENA WETO (2023),,https://www.ipcc.ch/report/ar6/wg3/,low,2035,y2035,Industry,Other Industry,0.16
green_hydrogen,Green hydrogen,Hydrogen,"Annual abatement potential based on synthesis of IPCC AR6 WGIII, IEA NZE 2050 and IRENA WETO 1.5°C pathway ranges (order‑of‑magnitude consistent, non‑additive across sectors).",IPCC AR6 WGIII (2022); IEA Net Zero (2021); IRENA WETO (2023),,https://www.ipcc.ch/report/ar6/wg3/,high,2035,y2035,Industry,Other Industry,0.16
green_hydrogen,Green hydrogen,Hydrogen,"Annual abatement potential based on synthesis of IPCC AR6 WGIII, IEA NZE 2050 and IRENA WETO 1.5°C pathway ranges (order‑of‑magnitude consistent, non‑additive across sectors).",IPCC AR6 WGIII (2022); IEA Net Zero (2021); IRENA WETO (2023),,https://www.ipcc.ch/report/ar6/wg3/,low,2050,y2050,Industry,Other Industry,0.5
green_hydrogen,Green hydrogen,Hydrogen,"Annual abatement potential based on synthesis of IPCC AR6 WGIII, IEA NZE 2050 and IRENA WETO 1.5°C pathway ranges (order‑of‑magnitude consistent, non‑additive across sectors).",IPCC AR6 WGIII (2022); IEA Net Zero (2021); IRENA WETO (2023),,https://www.ipcc.ch/report/ar6/wg3/,high,2050,y2050,Industry,Other Industry,0.5
green_hydrogen,Green hydrogen,Hydrogen,"Annual abatement potential based on synthesis of IPCC AR6 WGIII, IEA NZE 2050 and IRENA WETO 1.5°C pathway ranges (order‑of‑magnitude consistent, non‑additive across sectors).",IPCC AR6 WGIII (2022); IEA Net Zero (2021); IRENA WETO (2023),,https://www.ipcc.ch/report/ar6/wg3/,low,2100,ypost,Industry,Other Industry,0
green_hydrogen,Green hydrogen,Hydrogen,"Annual abatement potential based on synthesis of IPCC AR6 WGIII, IEA NZE 2050 and IRENA WETO 1.5°C pathway ranges (order‑of‑magnitude consistent, non‑additive across sectors).",IPCC AR6 WGIII (2022); IEA Net Zero (2021); IRENA WETO (2023),,https://www.ipcc.ch/report/ar6/wg3/,high,2100,ypost,Industry,Other Industry,0
green_steel,Green steel (H2-DRI + EAF),Industry,"<b>Anchor evidence:</b> Mission Possible Partnership estimates <b>100% green hydrogen routes</b> could deliver <b>~40-55%</b> of primary steel production in <b>2050</b>.<br/><b>Translation:</b> apply an abatement fraction to <i>Industry -> Iron &amp; Steel</i>: 2035 = 10%, 2050 = 47% (midpoint), post-2050 = 75% (indicative; edit as needed).",MPP Steel Transition Strategy (H2 steel 40-55% in 2050)|https://www.energy-transitions.org/wp-content/uploads/2021/12/MPP-Steel_Transition-Strategy.pdf,,,low,2035,y2035,Industry,Iron & Steel,0.287
green_steel,Green steel (H2-DRI + EAF),Industry,"<b>Anchor evidence:</b> Mission Possible Partnership estimates <b>100% green hydrogen routes</b> could deliver <b>~40-55%</b> of primary steel production in <b>2050</b>.<br/><b>Translation:</b> apply an abatement fraction to <i>Industry -> Iron &amp; Steel</i>: 2035 = 10%, 2050 = 47% (midpoint), post-2050 = 75% (indicative; edit as needed).",MPP Steel Transition Strategy (H2 steel 40-55% in 2050)|https://www.energy-transitions.org/wp-content/uploads/2021/12/MPP-Steel_Transition-Strategy.pdf,,,high,2035,y2035,Industry,Iron & Steel,0.231
green_steel,Green steel (H2-DRI + EAF),Industry,"<b>Anchor evidence:</b> Mission Possible Partnership estimates <b>100% green hydrogen routes</b> could deliver <b>~40-55%</b> of primary steel production in <b>2050</b>.<br/><b>Translation:</b> apply an abatement fraction to <i>Industry -> Iron &amp; Steel</i>: 2035 = 10%, 2050 = 47% (midpoint), post-2050 = 75% (indicative; edit as needed).",MPP Steel Transition Strategy (H2 steel 40-55% in 2050)|https://www.energy-transitions.org/wp-content/uploads/2021/12/MPP-Steel_Transition-Strategy.pdf,,,low,2035,y2035,Industry,Iron & Steel,0.287
green_steel,Green steel (H2-DRI + EAF),Industry,"<b>Anchor evidence:</b> Mission Possible Partnership estimates <b>100% green hydrogen routes</b> could deliver <b>~40-55%</b> of primary steel production in <b>2050</b>.<br/><b>Translation:</b> apply an abatement fraction to <i>Industry -> Iron &amp; Steel</i>: 2035 = 10%, 2050 = 47% (midpoint), post-2050 = 75% (indicative; edit as needed).",MPP Steel Transition Strategy (H2 steel 40-55% in 2050)|https://www.energy-transitions.org/wp-content/uploads/2021/12/MPP-Steel_Transition-Strategy.pdf,,,high,2035,y2035,Industry,Iron & Steel,0.231
green_steel,Green steel (H2-DRI + EAF),Industry,"<b>Anchor evidence:</b> Mission Possible Partnership estimates <b>100% green hydrogen routes</b> could deliver <b>~40-55%</b> of primary steel production in <b>2050</b>.<br/><b>Translation:</b> apply an abatement fraction to <i>Industry -> Iron &amp; Steel</i>: 2035 = 10%, 2050 = 47% (midpoint), post-2050 = 75% (indicative; edit as needed).",MPP Steel Transition Strategy (H2 steel 40-55% in 2050)|https://www.energy-transitions.org/wp-content/uploads/2021/12/MPP-Steel_Transition-Strategy.pdf,,,low,2050,y2050,Industry,Iron & Steel,0.9071
green_steel,Green steel (H2-DRI + EAF),Industry,"<b>Anchor evidence:</b> Mission Possible Partnership estimates <b>100% green hydrogen routes</b> could deliver <b>~40-55%</b> of primary steel production in <b>2050</b>.<br/><b>Translation:</b> apply an abatement fraction to <i>Industry -> Iron &amp; Steel</i>: 2035 = 10%, 2050 = 47% (midpoint), post-2050 = 75% (indicative; edit as needed).",MPP Steel Transition Strategy (H2 steel 40-55% in 2050)|https://www.energy-transitions.org/wp-content/uploads/2021/12/MPP-Steel_Transition-Strategy.pdf,,,high,2050,y2050,Industry,Iron & Steel,0.0893
green_steel,Green steel (H2-DRI + EAF),Industry,"<b>Anchor evidence:</b> Mission Possible Partnership estimates <b>100% green hydrogen routes</b> could deliver <b>~40-55%</b> of primary steel production in <b>2050</b>.<br/><b>Translation:</b> apply an abatement fraction to <i>Industry -> Iron &amp; Steel</i>: 2035 = 10%, 2050 = 47% (midpoint), post-2050 = 75% (indicative; edit as needed).",MPP Steel Transition Strategy (H2 steel 40-55% in 2050)|https://www.energy-transitions.org/wp-content/uploads/2021/12/MPP-Steel_Transition-Strategy.pdf,,,low,2050,y2050,Industry,Iron & Steel,0.9071
green_steel,Green steel (H2-DRI + EAF),Industry,"<b>Anchor evidence:</b> Mission Possible Partnership estimates <b>100% green hydrogen routes</b> could deliver <b>~40-55%</b> of primary steel production in <b>2050</b>.<br/><b>Translation:</b> apply an abatement fraction to <i>Industry -> Iron &amp; Steel</i>: 2035 = 10%, 2050 = 47% (midpoint), post-2050 = 75% (indicative; edit as needed).",MPP Steel Transition Strategy (H2 steel 40-55% in 2050)|https://www.energy-transitions.org/wp-content/uploads/2021/12/MPP-Steel_Transition-Strategy.pdf,,,high,2050,y2050,Industry,Iron & Steel,0.0893
green_steel,Green steel (H2-DRI + EAF),Industry,"<b>Anchor evidence:</b> Mission Possible Partnership estimates <b>100% green hydrogen routes</b> could deliver <b>~40-55%</b> of primary steel production in <b>2050</b>.<br/><b>Translation:</b> apply an abatement fraction to <i>Industry -> Iron &amp; Steel</i>: 2035 = 10%, 2050 = 47% (midpoint), post-2050 = 75% (indicative; edit as needed).",MPP Steel Transition Strategy (H2 steel 40-55% in 2050)|https://www.energy-transitions.org/wp-content/uploads/2021/12/MPP-Steel_Transition-Strategy.pdf,,,low,2100,ypost,Industry,Iron & Steel,0
green_steel,Green steel (H2-DRI + EAF),Industry,"<b>Anchor evidence:</b> Mission Possible Partnership estimates <b>100% green hydrogen routes</b> could deliver <b>~40-55%</b> of primary steel production in <b>2050</b>.<br/><b>Translation:</b> apply an abatement fraction to <i>Industry -> Iron &amp; Steel</i>: 2035 = 10%, 2050 = 47% (midpoint), post-2050 = 75% (indicative; edit as needed).",MPP Steel Transition Strategy (H2 steel 40-55% in 2050)|https://www.energy-transitions.org/wp-content/uploads/2021/12/MPP-Steel_Transition-Strategy.pdf,,,high,2100,ypost,Industry,Iron & Steel,0
green_steel,Green steel (H2‑DRI + EAF),Industrial transformation,"Annual abatement potential based on synthesis of IPCC AR6 WGIII, IEA NZE 2050 and IRENA WETO 1.5°C pathway ranges (order‑of‑magnitude consistent, non‑additive across sectors).",IPCC AR6 WGIII (2022); IEA Net Zero (2021); IRENA WETO (2023),,https://www.ipcc.ch/report/ar6/wg3/,low,2100,ypost,Industry,Iron & Steel,0
green_steel,Green steel (H2‑DRI + EAF),Industrial transformation,"Annual abatement potential based on synthesis of IPCC AR6 WGIII, IEA NZE 2050 and IRENA WETO 1.5°C pathway ranges (order‑of‑magnitude consistent, non‑additive across sectors).",IPCC AR6 WGIII (2022); IEA Net Zero (2021); IRENA WETO (2023),,https://www.ipcc.ch/report/ar6/wg3/,high,2100,ypost,Industry,Iron & Steel,0
low_carbon_cement,Low‑carbon cement,Industrial transformation,"Annual abatement potential based on synthesis of IPCC AR6 WGIII, IEA NZE 2050 and IRENA WETO 1.5°C pathway ranges (order‑of‑magnitude consistent, non‑additive across sectors).",IPCC AR6 WGIII (2022); IEA Net Zero (2021); IRENA WETO (2023),,https://www.ipcc.ch/report/ar6/wg3/,low,2035,y2035,Industry,Cement,0.6
low_carbon_cement,Low‑carbon cement,Industrial transformation,"Annual abatement potential based on synthesis of IPCC AR6 WGIII, IEA NZE 2050 and IRENA WETO 1.5°C pathway ranges (order‑of‑magnitude consistent, non‑additive across sectors).",IPCC AR6 WGIII (2022); IEA Net Zero (2021); IRENA WETO (2023),,https://www.ipcc.ch/report/ar6/wg3/,high,2035,y2035,Industry,Cement,0.6
low_carbon_cement,Low‑carbon cement,Industrial transformation,"Annual abatement potential based on synthesis of IPCC AR6 WGIII, IEA NZE 2050 and IRENA WETO 1.5°C pathway ranges (order‑of‑magnitude consistent, non‑additive across sectors).",IPCC AR6 WGIII (2022); IEA Net Zero (2021); IRENA WETO (2023),,https://www.ipcc.ch/report/ar6/wg3/,low,2050,y2050,Industry,Cement,1.3
low_carbon_cement,Low‑carbon cement,Industrial transformation,"Annual abatement potential based on synthesis of IPCC AR6 WGIII, IEA NZE 2050 and IRENA WETO 1.5°C pathway ranges (order‑of‑magnitude consistent, non‑additive across sectors).",IPCC AR6 WGIII (2022); IEA Net Zero (2021); IRENA WETO (2023),,https://www.ipcc.ch/report/ar6/wg3/,high,2050,y2050,Industry,Cement,1.3
low_carbon_cement,Low‑carbon cement,Industrial transformation,"Annual abatement potential based on synthesis of IPCC AR6 WGIII, IEA NZE 2050 and IRENA WETO 1.5°C pathway ranges (order‑of‑magnitude consistent, non‑additive across sectors).",IPCC AR6 WGIII (2022); IEA Net Zero (2021); IRENA WETO (2023),,https://www.ipcc.ch/report/ar6/wg3/,low,2100,ypost,Industry,Cement,0
low_carbon_cement,Low‑carbon cement,Industrial transformation,"Annual abatement potential based on synthesis of IPCC AR6 WGIII, IEA NZE 2050 and IRENA WETO 1.5°C pathway ranges (order‑of‑magnitude consistent, non‑additive across sectors).",IPCC AR6 WGIII (2022); IEA Net Zero (2021); IRENA WETO (2023),,https://www.ipcc.ch/report/ar6/wg3/,high,2100,ypost,Industry,Cement,0
methane_ldar,Methane mitigation,Methane,<b>Meaning:</b> Avoidable methane from fossil fuels using known/existing technologies (~80 Mt CH4/yr). Converted to CO2e using GWP100=28 (Mt CH4 × 28 = MtCO2e). Reported as annual abatement potential (GtCO2e/yr).,IEA Global Methane Tracker 2024 (key findings: ~80 Mt/yr methane avoidable from fossil fuels with existing tech),,https://www.iea.org/reports/global-methane-tracker-2024/key-findings,low,2035,y2035,Power & Heat,Coal,1.6352
methane_ldar,Methane mitigation,Methane,<b>Meaning:</b> Avoidable methane from fossil fuels using known/existing technologies (~80 Mt CH4/yr). Converted to CO2e using GWP100=28 (Mt CH4 × 28 = MtCO2e). Reported as annual abatement potential (GtCO2e/yr).,IEA Global Methane Tracker 2024 (key findings: ~80 Mt/yr methane avoidable from fossil fuels with existing tech),,https://www.iea.org/reports/global-methane-tracker-2024/key-findings,high,2035,y2035,Power & Heat,Coal,1.6352
methane_ldar,Methane mitigation,Methane,<b>Meaning:</b> Avoidable methane from fossil fuels using known/existing technologies (~80 Mt CH4/yr). Converted to CO2e using GWP100=28 (Mt CH4 × 28 = MtCO2e). Reported as annual abatement potential (GtCO2e/yr).,IEA Global Methane Tracker 2024 (key findings: ~80 Mt/yr methane avoidable from fossil fuels with existing tech),,https://www.iea.org/reports/global-methane-tracker-2024/key-findings,low,2050,y2050,Power & Heat,Coal,1.6352
methane_ldar,Methane mitigation,Methane,<b>Meaning:</b> Avoidable methane from fossil fuels using known/existing technologies (~80 Mt CH4/yr). Converted to CO2e using GWP100=28 (Mt CH4 × 28 = MtCO2e). Reported as annual abatement potential (GtCO2e/yr).,IEA Global Methane Tracker 2024 (key findings: ~80 Mt/yr methane avoidable from fossil fuels with existing tech),,https://www.iea.org/reports/global-methane-tracker-2024/key-findings,high,2050,y2050,Power & Heat,Coal,1.6352
methane_ldar,Methane mitigation,Methane,<b>Meaning:</b> Avoidable methane from fossil fuels using known/existing technologies (~80 Mt CH4/yr). Converted to CO2e using GWP100=28 (Mt CH4 × 28 = MtCO2e). Reported as annual abatement potential (GtCO2e/yr).,IEA Global Methane Tracker 2024 (key findings: ~80 Mt/yr methane avoidable from fossil fuels with existing tech),,https://www.iea.org/reports/global-methane-tracker-2024/key-findings,low,2100,ypost,Power & Heat,Coal,0
methane_ldar,Methane mitigation,Methane,<b>Meaning:</b> Avoidable methane from fossil fuels using known/existing technologies (~80 Mt CH4/yr). Converted to CO2e using GWP100=28 (Mt CH4 × 28 = MtCO2e). Reported as annual abatement potential (GtCO2e/yr).,IEA Global Methane Tracker 2024 (key findings: ~80 Mt/yr methane avoidable from fossil fuels with existing tech),,https://www.iea.org/reports/global-methane-tracker-2024/key-findings,high,2100,ypost,Power & Heat,Coal,0
methane_ldar,Methane mitigation,Methane,<b>Meaning:</b> Avoidable methane from fossil fuels using known/existing technologies (~80 Mt CH4/yr). Converted to CO2e using GWP100=28 (Mt CH4 × 28 = MtCO2e). Reported as annual abatement potential (GtCO2e/yr).,IEA Global Methane Tracker 2024 (key findings: ~80 Mt/yr methane avoidable from fossil fuels with existing tech),,https://www.iea.org/reports/global-methane-tracker-2024/key-findings,low,2035,y2035,Power & Heat,Natural Gas,0.4928
methane_ldar,Methane mitigation,Methane,<b>Meaning:</b> Avoidable methane from fossil fuels using known/existing technologies (~80 Mt CH4/yr). Converted to CO2e using GWP100=28 (Mt CH4 × 28 = MtCO2e). Reported as annual abatement potential (GtCO2e/yr).,IEA Global Methane Tracker 2024 (key findings: ~80 Mt/yr methane avoidable from fossil fuels with existing tech),,https://www.iea.org/reports/global-methane-tracker-2024/key-findings,high,2035,y2035,Power & Heat,Natural Gas,0.4928
methane_ldar,Methane mitigation,Methane,<b>Meaning:</b> Avoidable methane from fossil fuels using known/existing technologies (~80 Mt CH4/yr). Converted to CO2e using GWP100=28 (Mt CH4 × 28 = MtCO2e). Reported as annual abatement potential (GtCO2e/yr).,IEA Global Methane Tracker 2024 (key findings: ~80 Mt/yr methane avoidable from fossil fuels with existing tech),,https://www.iea.org/reports/global-methane-tracker-2024/key-findings,low,2050,y2050,Power & Heat,Natural Gas,0.4928
methane_ldar,Methane mitigation,Methane,<b>Meaning:</b> Avoidable methane from fossil fuels using known/existing technologies (~80 Mt CH4/yr). Converted to CO2e using GWP100=28 (Mt CH4 × 28 = MtCO2e). Reported as annual abatement potential (GtCO2e/yr).,IEA Global Methane Tracker 2024 (key findings: ~80 Mt/yr methane avoidable from fossil fuels with existing tech),,https://www.iea.org/reports/global-methane-tracker-2024/key-findings,high,2050,y2050,Power & Heat,Natural Gas,0.4928
methane_ldar,Methane mitigation,Methane,<b>Meaning:</b> Avoidable methane from fossil fuels using known/existing technologies (~80 Mt CH4/yr). Converted to CO2e using GWP100=28 (Mt CH4 × 28 = MtCO2e). Reported as annual abatement potential (GtCO2e/yr).,IEA Global Methane Tracker 2024 (key findings: ~80 Mt/yr methane avoidable from fossil fuels with existing tech),,https://www.iea.org/reports/global-methane-tracker-2024/key-findings,low,2100,ypost,Power & Heat,Natural Gas,0
methane_ldar,Methane mitigation,Methane,<b>Meaning:</b> Avoidable methane from fossil fuels using known/existing technologies (~80 Mt CH4/yr). Converted to CO2e using GWP100=28 (Mt CH4 × 28 = MtCO2e). Reported as annual abatement potential (GtCO2e/yr).,IEA Global Methane Tracker 2024 (key findings: ~80 Mt/yr methane avoidable from fossil fuels with existing tech),,https://www.iea.org/reports/global-methane-tracker-2024/key-findings,high,2100,ypost,Power & Heat,Natural Gas,0
methane_ldar,Methane mitigation,Methane,<b>Meaning:</b> Avoidable methane from fossil fuels using known/existing technologies (~80 Mt CH4/yr). Converted to CO2e using GWP100=28 (Mt CH4 × 28 = MtCO2e). Reported as annual abatement potential (GtCO2e/yr).,IEA Global Methane Tracker 2024 (key findings: ~80 Mt/yr methane avoidable from fossil fuels with existing tech),,https://www.iea.org/reports/global-methane-tracker-2024/key-findings,low,2035,y2035,Power & Heat,Oil,0.112
methane_ldar,Methane mitigation,Methane,<b>Meaning:</b> Avoidable methane from fossil fuels using known/existing technologies (~80 Mt CH4/yr). Converted to CO2e using GWP100=28 (Mt CH4 × 28 = MtCO2e). Reported as annual abatement potential (GtCO2e/yr).,IEA Global Methane Tracker 2024 (key findings: ~80 Mt/yr methane avoidable from fossil fuels with existing tech),,https://www.iea.org/reports/global-methane-tracker-2024/key-findings,high,2035,y2035,Power & Heat,Oil,0.112
methane_ldar,Methane mitigation,Methane,<b>Meaning:</b> Avoidable methane from fossil fuels using known/existing technologies (~80 Mt CH4/yr). Converted to CO2e using GWP100=28 (Mt CH4 × 28 = MtCO2e). Reported as annual abatement potential (GtCO2e/yr).,IEA Global Methane Tracker 2024 (key findings: ~80 Mt/yr methane avoidable from fossil fuels with existing tech),,https://www.iea.org/reports/global-methane-tracker-2024/key-findings,low,2050,y2050,Power & Heat,Oil,0.112
methane_ldar,Methane mitigation,Methane,<b>Meaning:</b> Avoidable methane from fossil fuels using known/existing technologies (~80 Mt CH4/yr). Converted to CO2e using GWP100=28 (Mt CH4 × 28 = MtCO2e). Reported as annual abatement potential (GtCO2e/yr).,IEA Global Methane Tracker 2024 (key findings: ~80 Mt/yr methane avoidable from fossil fuels with existing tech),,https://www.iea.org/reports/global-methane-tracker-2024/key-findings,high,2050,y2050,Power & Heat,Oil,0.112
methane_ldar,Methane mitigation,Methane,<b>Meaning:</b> Avoidable methane from fossil fuels using known/existing technologies (~80 Mt CH4/yr). Converted to CO2e using GWP100=28 (Mt CH4 × 28 = MtCO2e). Reported as annual abatement potential (GtCO2e/yr).,IEA Global Methane Tracker 2024 (key findings: ~80 Mt/yr methane avoidable from fossil fuels with existing tech),,https://www.iea.org/reports/global-methane-tracker-2024/key-findings,low,2100,ypost,Power & Heat,Oil,0
methane_ldar,Methane mitigation,Methane,<b>Meaning:</b> Avoidable methane from fossil fuels using known/existing technologies (~80 Mt CH4/yr). Converted to CO2e using GWP100=28 (Mt CH4 × 28 = MtCO2e). Reported as annual abatement potential (GtCO2e/yr).,IEA Global Methane Tracker 2024 (key findings: ~80 Mt/yr methane avoidable from fossil fuels with existing tech),,https://www.iea.org/reports/global-methane-tracker-2024/key-findings,high,2100,ypost,Power & Heat,Oil,0
shipping_greenfuels,Green ammonia / methanol shipping,Shipping fuel switch,"Annual abatement potential based on synthesis of IPCC AR6 WGIII, IEA NZE 2050 and IRENA WETO 1.5°C pathway ranges (order‑of‑magnitude consistent, non‑additive across sectors).",IPCC AR6 WGIII (2022); IEA Net Zero (2021); IRENA WETO (2023),,https://www.ipcc.ch/report/ar6/wg3/,low,2035,y2035,Transport,Marine,0.4
shipping_greenfuels,Green ammonia / methanol shipping,Shipping fuel switch,"Annual abatement potential based on synthesis of IPCC AR6 WGIII, IEA NZE 2050 and IRENA WETO 1.5°C pathway ranges (order‑of‑magnitude consistent, non‑additive across sectors).",IPCC AR6 WGIII (2022); IEA Net Zero (2021); IRENA WETO (2023),,https://www.ipcc.ch/report/ar6/wg3/,high,2035,y2035,Transport,Marine,0.4
shipping_greenfuels,Green ammonia / methanol shipping,Shipping fuel switch,"Annual abatement potential based on synthesis of IPCC AR6 WGIII, IEA NZE 2050 and IRENA WETO 1.5°C pathway ranges (order‑of‑magnitude consistent, non‑additive across sectors).",IPCC AR6 WGIII (2022); IEA Net Zero (2021); IRENA WETO (2023),,https://www.ipcc.ch/report/ar6/wg3/,low,2050,y2050,Transport,Marine,1
shipping_greenfuels,Green ammonia / methanol shipping,Shipping fuel switch,"Annual abatement potential based on synthesis of IPCC AR6 WGIII, IEA NZE 2050 and IRENA WETO 1.5°C pathway ranges (order‑of‑magnitude consistent, non‑additive across sectors).",IPCC AR6 WGIII (2022); IEA Net Zero (2021); IRENA WETO (2023),,https://www.ipcc.ch/report/ar6/wg3/,high,2050,y2050,Transport,Marine,1
shipping_greenfuels,Green ammonia / methanol shipping,Shipping fuel switch,"Annual abatement potential based on synthesis of IPCC AR6 WGIII, IEA NZE 2050 and IRENA WETO 1.5°C pathway ranges (order‑of‑magnitude consistent, non‑additive across sectors).",IPCC AR6 WGIII (2022); IEA Net Zero (2021); IRENA WETO (2023),,https://www.ipcc.ch/report/ar6/wg3/,low,2100,ypost,Transport,Marine,0
shipping_greenfuels,Green ammonia / methanol shipping,Shipping fuel switch,"Annual abatement potential based on synthesis of IPCC AR6 WGIII, IEA NZE 2050 and IRENA WETO 1.5°C pathway ranges (order‑of‑magnitude consistent, non‑additive across sectors).",IPCC AR6 WGIII (2022); IEA Net Zero (2021); IRENA WETO (2023),,https://www.ipcc.ch/report/ar6/wg3/,high,2100,ypost,Transport,Marine,0
solar,Solar PV,Power,"<b>Anchor evidence:</b> IPCC AR6 WGIII Ch12 SM lists achievable mitigation potential for <b>solar</b> in 2030 of <b>2-7 GtCO2-eq</b>. UNEP-CCC estimates <b>~13.0 (11.9-14.1) GtCO2e</b> electricity mitigation potential in 2035. <br/><b>Translation:</b> allocate the 2035 electricity mitigation across fossil power tiles proportionally; split Solar/Wind using IPCC mid-point ratio (Solar ~54%, Wind ~46%). For 2050+ use an indicative near-complete power decarb envelope and split 50/50 Solar/Wind.",IPCC AR6 WGIII Ch12 SM (solar/wind ranges)|https://www.ipcc.ch/report/ar6/wg3/downloads/report/IPCC_AR6_WGIII_Chapter12_SM.pdf;;UNEP-CCC 2035 sectoral potentials (electricity ~13 GtCO2e)|https://unepccc.org/wp-content/uploads/2024/10/sectoral-greenhouse-gas-emissions-reductions-potentials-in-2035.pdf,,,low,2035,y2035,Power & Heat,Coal,5.11437124
solar,Solar PV,Power,"<b>Anchor evidence:</b> IPCC AR6 WGIII Ch12 SM lists achievable mitigation potential for <b>solar</b> in 2030 of <b>2-7 GtCO2-eq</b>. UNEP-CCC estimates <b>~13.0 (11.9-14.1) GtCO2e</b> electricity mitigation potential in 2035. <br/><b>Translation:</b> allocate the 2035 electricity mitigation across fossil power tiles proportionally; split Solar/Wind using IPCC mid-point ratio (Solar ~54%, Wind ~46%). For 2050+ use an indicative near-complete power decarb envelope and split 50/50 Solar/Wind.",IPCC AR6 WGIII Ch12 SM (solar/wind ranges)|https://www.ipcc.ch/report/ar6/wg3/downloads/report/IPCC_AR6_WGIII_Chapter12_SM.pdf;;UNEP-CCC 2035 sectoral potentials (electricity ~13 GtCO2e)|https://unepccc.org/wp-content/uploads/2024/10/sectoral-greenhouse-gas-emissions-reductions-potentials-in-2035.pdf,,,high,2035,y2035,Power & Heat,Coal,5.11437124
solar,Solar PV,Power,"<b>Anchor evidence:</b> IPCC AR6 WGIII Ch12 SM lists achievable mitigation potential for <b>solar</b> in 2030 of <b>2-7 GtCO2-eq</b>. UNEP-CCC estimates <b>~13.0 (11.9-14.1) GtCO2e</b> electricity mitigation potential in 2035. <br/><b>Translation:</b> allocate the 2035 electricity mitigation across fossil power tiles proportionally; split Solar/Wind using IPCC mid-point ratio (Solar ~54%, Wind ~46%). For 2050+ use an indicative near-complete power decarb envelope and split 50/50 Solar/Wind.",IPCC AR6 WGIII Ch12 SM (solar/wind ranges)|https://www.ipcc.ch/report/ar6/wg3/downloads/report/IPCC_AR6_WGIII_Chapter12_SM.pdf;;UNEP-CCC 2035 sectoral potentials (electricity ~13 GtCO2e)|https://unepccc.org/wp-content/uploads/2024/10/sectoral-greenhouse-gas-emissions-reductions-potentials-in-2035.pdf,,,low,2050,y2050,Power & Heat,Coal,1.532635
solar,Solar PV,Power,"<b>Anchor evidence:</b> IPCC AR6 WGIII Ch12 SM lists achievable mitigation potential for <b>solar</b> in 2030 of <b>2-7 GtCO2-eq</b>. UNEP-CCC estimates <b>~13.0 (11.9-14.1) GtCO2e</b> electricity mitigation potential in 2035. <br/><b>Translation:</b> allocate the 2035 electricity mitigation across fossil power tiles proportionally; split Solar/Wind using IPCC mid-point ratio (Solar ~54%, Wind ~46%). For 2050+ use an indicative near-complete power decarb envelope and split 50/50 Solar/Wind.",IPCC AR6 WGIII Ch12 SM (solar/wind ranges)|https://www.ipcc.ch/report/ar6/wg3/downloads/report/IPCC_AR6_WGIII_Chapter12_SM.pdf;;UNEP-CCC 2035 sectoral potentials (electricity ~13 GtCO2e)|https://unepccc.org/wp-content/uploads/2024/10/sectoral-greenhouse-gas-emissions-reductions-potentials-in-2035.pdf,,,high,2050,y2050,Power & Heat,Coal,0.159505
solar,Solar PV,Power,"<b>Anchor evidence:</b> IPCC AR6 WGIII Ch12 SM lists achievable mitigation potential for <b>solar</b> in 2030 of <b>2-7 GtCO2-eq</b>. UNEP-CCC estimates <b>~13.0 (11.9-14.1) GtCO2e</b> electricity mitigation potential in 2035. <br/><b>Translation:</b> allocate the 2035 electricity mitigation across fossil power tiles proportionally; split Solar/Wind using IPCC mid-point ratio (Solar ~54%, Wind ~46%). For 2050+ use an indicative near-complete power decarb envelope and split 50/50 Solar/Wind.",IPCC AR6 WGIII Ch12 SM (solar/wind ranges)|https://www.ipcc.ch/report/ar6/wg3/downloads/report/IPCC_AR6_WGIII_Chapter12_SM.pdf;;UNEP-CCC 2035 sectoral potentials (electricity ~13 GtCO2e)|https://unepccc.org/wp-content/uploads/2024/10/sectoral-greenhouse-gas-emissions-reductions-potentials-in-2035.pdf,,,low,2100,ypost,Power & Heat,Coal,0
solar,Solar PV,Power,"<b>Anchor evidence:</b> IPCC AR6 WGIII Ch12 SM lists achievable mitigation potential for <b>solar</b> in 2030 of <b>2-7 GtCO2-eq</b>. UNEP-CCC estimates <b>~13.0 (11.9-14.1) GtCO2e</b> electricity mitigation potential in 2035. <br/><b>Translation:</b> allocate the 2035 electricity mitigation across fossil power tiles proportionally; split Solar/Wind using IPCC mid-point ratio (Solar ~54%, Wind ~46%). For 2050+ use an indicative near-complete power decarb envelope and split 50/50 Solar/Wind.",IPCC AR6 WGIII Ch12 SM (solar/wind ranges)|https://www.ipcc.ch/report/ar6/wg3/downloads/report/IPCC_AR6_WGIII_Chapter12_SM.pdf;;UNEP-CCC 2035 sectoral potentials (electricity ~13 GtCO2e)|https://unepccc.org/wp-content/uploads/2024/10/sectoral-greenhouse-gas-emissions-reductions-potentials-in-2035.pdf,,,high,2100,ypost,Power & Heat,Coal,0
solar,Solar PV,Power,"<b>Anchor evidence:</b> IPCC AR6 WGIII Ch12 SM lists achievable mitigation potential for <b>solar</b> in 2030 of <b>2-7 GtCO2-eq</b>. UNEP-CCC estimates <b>~13.0 (11.9-14.1) GtCO2e</b> electricity mitigation potential in 2035. <br/><b>Translation:</b> allocate the 2035 electricity mitigation across fossil power tiles proportionally; split Solar/Wind using IPCC mid-point ratio (Solar ~54%, Wind ~46%). For 2050+ use an indicative near-complete power decarb envelope and split 50/50 Solar/Wind.",IPCC AR6 WGIII Ch12 SM (solar/wind ranges)|https://www.ipcc.ch/report/ar6/wg3/downloads/report/IPCC_AR6_WGIII_Chapter12_SM.pdf;;UNEP-CCC 2035 sectoral potentials (electricity ~13 GtCO2e)|https://unepccc.org/wp-content/uploads/2024/10/sectoral-greenhouse-gas-emissions-reductions-potentials-in-2035.pdf,,,low,2035,y2035,Power & Heat,Natural Gas,1.54131736
solar,Solar PV,Power,"<b>Anchor evidence:</b> IPCC AR6 WGIII Ch12 SM lists achievable mitigation potential for <b>solar</b> in 2030 of <b>2-7 GtCO2-eq</b>. UNEP-CCC estimates <b>~13.0 (11.9-14.1) GtCO2e</b> electricity mitigation potential in 2035. <br/><b>Translation:</b> allocate the 2035 electricity mitigation across fossil power tiles proportionally; split Solar/Wind using IPCC mid-point ratio (Solar ~54%, Wind ~46%). For 2050+ use an indicative near-complete power decarb envelope and split 50/50 Solar/Wind.",IPCC AR6 WGIII Ch12 SM (solar/wind ranges)|https://www.ipcc.ch/report/ar6/wg3/downloads/report/IPCC_AR6_WGIII_Chapter12_SM.pdf;;UNEP-CCC 2035 sectoral potentials (electricity ~13 GtCO2e)|https://unepccc.org/wp-content/uploads/2024/10/sectoral-greenhouse-gas-emissions-reductions-potentials-in-2035.pdf,,,high,2035,y2035,Power & Heat,Natural Gas,1.54131736
solar,Solar PV,Power,"<b>Anchor evidence:</b> IPCC AR6 WGIII Ch12 SM lists achievable mitigation potential for <b>solar</b> in 2030 of <b>2-7 GtCO2-eq</b>. UNEP-CCC estimates <b>~13.0 (11.9-14.1) GtCO2e</b> electricity mitigation potential in 2035. <br/><b>Translation:</b> allocate the 2035 electricity mitigation across fossil power tiles proportionally; split Solar/Wind using IPCC mid-point ratio (Solar ~54%, Wind ~46%). For 2050+ use an indicative near-complete power decarb envelope and split 50/50 Solar/Wind.",IPCC AR6 WGIII Ch12 SM (solar/wind ranges)|https://www.ipcc.ch/report/ar6/wg3/downloads/report/IPCC_AR6_WGIII_Chapter12_SM.pdf;;UNEP-CCC 2035 sectoral potentials (electricity ~13 GtCO2e)|https://unepccc.org/wp-content/uploads/2024/10/sectoral-greenhouse-gas-emissions-reductions-potentials-in-2035.pdf,,,low,2050,y2050,Power & Heat,Natural Gas,0.46189
solar,Solar PV,Power,"<b>Anchor evidence:</b> IPCC AR6 WGIII Ch12 SM lists achievable mitigation potential for <b>solar</b> in 2030 of <b>2-7 GtCO2-eq</b>. UNEP-CCC estimates <b>~13.0 (11.9-14.1) GtCO2e</b> electricity mitigation potential in 2035. <br/><b>Translation:</b> allocate the 2035 electricity mitigation across fossil power tiles proportionally; split Solar/Wind using IPCC mid-point ratio (Solar ~54%, Wind ~46%). For 2050+ use an indicative near-complete power decarb envelope and split 50/50 Solar/Wind.",IPCC AR6 WGIII Ch12 SM (solar/wind ranges)|https://www.ipcc.ch/report/ar6/wg3/downloads/report/IPCC_AR6_WGIII_Chapter12_SM.pdf;;UNEP-CCC 2035 sectoral potentials (electricity ~13 GtCO2e)|https://unepccc.org/wp-content/uploads/2024/10/sectoral-greenhouse-gas-emissions-reductions-potentials-in-2035.pdf,,,high,2050,y2050,Power & Heat,Natural Gas,0.04807
solar,Solar PV,Power,"<b>Anchor evidence:</b> IPCC AR6 WGIII Ch12 SM lists achievable mitigation potential for <b>solar</b> in 2030 of <b>2-7 GtCO2-eq</b>. UNEP-CCC estimates <b>~13.0 (11.9-14.1) GtCO2e</b> electricity mitigation potential in 2035. <br/><b>Translation:</b> allocate the 2035 electricity mitigation across fossil power tiles proportionally; split Solar/Wind using IPCC mid-point ratio (Solar ~54%, Wind ~46%). For 2050+ use an indicative near-complete power decarb envelope and split 50/50 Solar/Wind.",IPCC AR6 WGIII Ch12 SM (solar/wind ranges)|https://www.ipcc.ch/report/ar6/wg3/downloads/report/IPCC_AR6_WGIII_Chapter12_SM.pdf;;UNEP-CCC 2035 sectoral potentials (electricity ~13 GtCO2e)|https://unepccc.org/wp-content/uploads/2024/10/sectoral-greenhouse-gas-emissions-reductions-potentials-in-2035.pdf,,,low,2100,ypost,Power & Heat,Natural Gas,0
solar,Solar PV,Power,"<b>Anchor evidence:</b> IPCC AR6 WGIII Ch12 SM lists achievable mitigation potential for <b>solar</b> in 2030 of <b>2-7 GtCO2-eq</b>. UNEP-CCC estimates <b>~13.0 (11.9-14.1) GtCO2e</b> electricity mitigation potential in 2035. <br/><b>Translation:</b> allocate the 2035 electricity mitigation across fossil power tiles proportionally; split Solar/Wind using IPCC mid-point ratio (Solar ~54%, Wind ~46%). For 2050+ use an indicative near-complete power decarb envelope and split 50/50 Solar/Wind.",IPCC AR6 WGIII Ch12 SM (solar/wind ranges)|https://www.ipcc.ch/report/ar6/wg3/downloads/report/IPCC_AR6_WGIII_Chapter12_SM.pdf;;UNEP-CCC 2035 sectoral potentials (electricity ~13 GtCO2e)|https://unepccc.org/wp-content/uploads/2024/10/sectoral-greenhouse-gas-emissions-reductions-potentials-in-2035.pdf,,,high,2100,ypost,Power & Heat,Natural Gas,0
solar,Solar PV,Power,"<b>Anchor evidence:</b> IPCC AR6 WGIII Ch12 SM lists achievable mitigation potential for <b>solar</b> in 2030 of <b>2-7 GtCO2-eq</b>. UNEP-CCC estimates <b>~13.0 (11.9-14.1) GtCO2e</b> electricity mitigation potential in 2035. <br/><b>Translation:</b> allocate the 2035 electricity mitigation across fossil power tiles proportionally; split Solar/Wind using IPCC mid-point ratio (Solar ~54%, Wind ~46%). For 2050+ use an indicative near-complete power decarb envelope and split 50/50 Solar/Wind.",IPCC AR6 WGIII Ch12 SM (solar/wind ranges)|https://www.ipcc.ch/report/ar6/wg3/downloads/report/IPCC_AR6_WGIII_Chapter12_SM.pdf;;UNEP-CCC 2035 sectoral potentials (electricity ~13 GtCO2e)|https://unepccc.org/wp-content/uploads/2024/10/sectoral-greenhouse-gas-emissions-reductions-potentials-in-2035.pdf,,,low,2035,y2035,Power & Heat,Oil,0.3502994
solar,Solar PV,Power,"<b>Anchor evidence:</b> IPCC AR6 WGIII Ch12 SM lists achievable mitigation potential for <b>solar</b> in 2030 of <b>2-7 GtCO2-eq</b>. UNEP-CCC estimates <b>~13.0 (11.9-14.1) GtCO2e</b> electricity mitigation potential in 2035. <br/><b>Translation:</b> allocate the 2035 electricity mitigation across fossil power tiles proportionally; split Solar/Wind using IPCC mid-point ratio (Solar ~54%, Wind ~46%). For 2050+ use an indicative near-complete power decarb envelope and split 50/50 Solar/Wind.",IPCC AR6 WGIII Ch12 SM (solar/wind ranges)|https://www.ipcc.ch/report/ar6/wg3/downloads/report/IPCC_AR6_WGIII_Chapter12_SM.pdf;;UNEP-CCC 2035 sectoral potentials (electricity ~13 GtCO2e)|https://unepccc.org/wp-content/uploads/2024/10/sectoral-greenhouse-gas-emissions-reductions-potentials-in-2035.pdf,,,high,2035,y2035,Power & Heat,Oil,0.3502994
solar,Solar PV,Power,"<b>Anchor evidence:</b> IPCC AR6 WGIII Ch12 SM lists achievable mitigation potential for <b>solar</b> in 2030 of <b>2-7 GtCO2-eq</b>. UNEP-CCC estimates <b>~13.0 (11.9-14.1) GtCO2e</b> electricity mitigation potential in 2035. <br/><b>Translation:</b> allocate the 2035 electricity mitigation across fossil power tiles proportionally; split Solar/Wind using IPCC mid-point ratio (Solar ~54%, Wind ~46%). For 2050+ use an indicative near-complete power decarb envelope and split 50/50 Solar/Wind.",IPCC AR6 WGIII Ch12 SM (solar/wind ranges)|https://www.ipcc.ch/report/ar6/wg3/downloads/report/IPCC_AR6_WGIII_Chapter12_SM.pdf;;UNEP-CCC 2035 sectoral potentials (electricity ~13 GtCO2e)|https://unepccc.org/wp-content/uploads/2024/10/sectoral-greenhouse-gas-emissions-reductions-potentials-in-2035.pdf,,,low,2050,y2050,Power & Heat,Oil,0.104975
solar,Solar PV,Power,"<b>Anchor evidence:</b> IPCC AR6 WGIII Ch12 SM lists achievable mitigation potential for <b>solar</b> in 2030 of <b>2-7 GtCO2-eq</b>. UNEP-CCC estimates <b>~13.0 (11.9-14.1) GtCO2e</b> electricity mitigation potential in 2035. <br/><b>Translation:</b> allocate the 2035 electricity mitigation across fossil power tiles proportionally; split Solar/Wind using IPCC mid-point ratio (Solar ~54%, Wind ~46%). For 2050+ use an indicative near-complete power decarb envelope and split 50/50 Solar/Wind.",IPCC AR6 WGIII Ch12 SM (solar/wind ranges)|https://www.ipcc.ch/report/ar6/wg3/downloads/report/IPCC_AR6_WGIII_Chapter12_SM.pdf;;UNEP-CCC 2035 sectoral potentials (electricity ~13 GtCO2e)|https://unepccc.org/wp-content/uploads/2024/10/sectoral-greenhouse-gas-emissions-reductions-potentials-in-2035.pdf,,,high,2050,y2050,Power & Heat,Oil,0.010925
solar,Solar PV,Power,"<b>Anchor evidence:</b> IPCC AR6 WGIII Ch12 SM lists achievable mitigation potential for <b>solar</b> in 2030 of <b>2-7 GtCO2-eq</b>. UNEP-CCC estimates <b>~13.0 (11.9-14.1) GtCO2e</b> electricity mitigation potential in 2035. <br/><b>Translation:</b> allocate the 2035 electricity mitigation across fossil power tiles proportionally; split Solar/Wind using IPCC mid-point ratio (Solar ~54%, Wind ~46%). For 2050+ use an indicative near-complete power decarb envelope and split 50/50 Solar/Wind.",IPCC AR6 WGIII Ch12 SM (solar/wind ranges)|https://www.ipcc.ch/report/ar6/wg3/downloads/report/IPCC_AR6_WGIII_Chapter12_SM.pdf;;UNEP-CCC 2035 sectoral potentials (electricity ~13 GtCO2e)|https://unepccc.org/wp-content/uploads/2024/10/sectoral-greenhouse-gas-emissions-reductions-potentials-in-2035.pdf,,,low,2100,ypost,Power & Heat,Oil,0
solar,Solar PV,Power,"<b>Anchor evidence:</b> IPCC AR6 WGIII Ch12 SM lists achievable mitigation potential for <b>solar</b> in 2030 of <b>2-7 GtCO2-eq</b>. UNEP-CCC estimates <b>~13.0 (11.9-14.1) GtCO2e</b> electricity mitigation potential in 2035. <br/><b>Translation:</b> allocate the 2035 electricity mitigation across fossil power tiles proportionally; split Solar/Wind using IPCC mid-point ratio (Solar ~54%, Wind ~46%). For 2050+ use an indicative near-complete power decarb envelope and split 50/50 Solar/Wind.",IPCC AR6 WGIII Ch12 SM (solar/wind ranges)|https://www.ipcc.ch/report/ar6/wg3/downloads/report/IPCC_AR6_WGIII_Chapter12_SM.pdf;;UNEP-CCC 2035 sectoral potentials (electricity ~13 GtCO2e)|https://unepccc.org/wp-content/uploads/2024/10/sectoral-greenhouse-gas-emissions-reductions-potentials-in-2035.pdf,,,high,2100,ypost,Power & Heat,Oil,0
sustainable_proteins,Sustainable proteins,Food system shift,"Annual abatement potential based on synthesis of IPCC AR6 WGIII, IEA NZE 2050 and IRENA WETO 1.5°C pathway ranges (order‑of‑magnitude consistent, non‑additive across sectors).",IPCC AR6 WGIII (2022); IEA Net Zero (2021); IRENA WETO (2023),,https://www.ipcc.ch/report/ar6/wg3/,low,2035,y2035,Agriculture & Land,Livestock,0.7
sustainable_proteins,Sustainable proteins,Food system shift,"Annual abatement potential based on synthesis of IPCC AR6 WGIII, IEA NZE 2050 and IRENA WETO 1.5°C pathway ranges (order‑of‑magnitude consistent, non‑additive across sectors).",IPCC AR6 WGIII (2022); IEA Net Zero (2021); IRENA WETO (2023),,https://www.ipcc.ch/report/ar6/wg3/,high,2035,y2035,Agriculture & Land,Livestock,0.7
sustainable_proteins,Sustainable proteins,Food system shift,"Annual abatement potential based on synthesis of IPCC AR6 WGIII, IEA NZE 2050 and IRENA WETO 1.5°C pathway ranges (order‑of‑magnitude consistent, non‑additive across sectors).",IPCC AR6 WGIII (2022); IEA Net Zero (2021); IRENA WETO (2023),,https://www.ipcc.ch/report/ar6/wg3/,low,2050,y2050,Agriculture & Land,Livestock,1.6
sustainable_proteins,Sustainable proteins,Food system shift,"Annual abatement potential based on synthesis of IPCC AR6 WGIII, IEA NZE 2050 and IRENA WETO 1.5°C pathway ranges (order‑of‑magnitude consistent, non‑additive across sectors).",IPCC AR6 WGIII (2022); IEA Net Zero (2021); IRENA WETO (2023),,https://www.ipcc.ch/report/ar6/wg3/,high,2050,y2050,Agriculture & Land,Livestock,1.6
sustainable_proteins,Sustainable proteins,Food system shift,"Annual abatement potential based on synthesis of IPCC AR6 WGIII, IEA NZE 2050 and IRENA WETO 1.5°C pathway ranges (order‑of‑magnitude consistent, non‑additive across sectors).",IPCC AR6 WGIII (2022); IEA Net Zero (2021); IRENA WETO (2023),,https://www.ipcc.ch/report/ar6/wg3/,low,2100,ypost,Agriculture & Land,Livestock,0
sustainable_proteins,Sustainable proteins,Food system shift,"Annual abatement potential based on synthesis of IPCC AR6 WGIII, IEA NZE 2050 and IRENA WETO 1.5°C pathway ranges (order‑of‑magnitude consistent, non‑additive across sectors).",IPCC AR6 WGIII (2022); IEA Net Zero (2021); IRENA WETO (2023),,https://www.ipcc.ch/report/ar6/wg3/,high,2100,ypost,Agriculture & Land,Livestock,0
trucking_h2_ev,Zero‑emission trucking,Freight electrification,"Annual abatement potential based on synthesis of IPCC AR6 WGIII, IEA NZE 2050 and IRENA WETO 1.5°C pathway ranges (order‑of‑magnitude consistent, non‑additive across sectors).",IPCC AR6 WGIII (2022); IEA Net Zero (2021); IRENA WETO (2023),,https://www.ipcc.ch/report/ar6/wg3/,low,2035,y2035,Transport,Road,0.7
trucking_h2_ev,Zero‑emission trucking,Freight electrification,"Annual abatement potential based on synthesis of IPCC AR6 WGIII, IEA NZE 2050 and IRENA WETO 1.5°C pathway ranges (order‑of‑magnitude consistent, non‑additive across sectors).",IPCC AR6 WGIII (2022); IEA Net Zero (2021); IRENA WETO (2023),,https://www.ipcc.ch/report/ar6/wg3/,high,2035,y2035,Transport,Road,0.7
trucking_h2_ev,Zero‑emission trucking,Freight electrification,"Annual abatement potential based on synthesis of IPCC AR6 WGIII, IEA NZE 2050 and IRENA WETO 1.5°C pathway ranges (order‑of‑magnitude consistent, non‑additive across sectors).",IPCC AR6 WGIII (2022); IEA Net Zero (2021); IRENA WETO (2023),,https://www.ipcc.ch/report/ar6/wg3/,low,2050,y2050,Transport,Road,1.8
trucking_h2_ev,Zero‑emission trucking,Freight electrification,"Annual abatement potential based on synthesis of IPCC AR6 WGIII, IEA NZE 2050 and IRENA WETO 1.5°C pathway ranges (order‑of‑magnitude consistent, non‑additive across sectors).",IPCC AR6 WGIII (2022); IEA Net Zero (2021); IRENA WETO (2023),,https://www.ipcc.ch/report/ar6/wg3/,high,2050,y2050,Transport,Road,1.8
trucking_h2_ev,Zero‑emission trucking,Freight electrification,"Annual abatement potential based on synthesis of IPCC AR6 WGIII, IEA NZE 2050 and IRENA WETO 1.5°C pathway ranges (order‑of‑magnitude consistent, non‑additive across sectors).",IPCC AR6 WGIII (2022); IEA Net Zero (2021); IRENA WETO (2023),,https://www.ipcc.ch/report/ar6/wg3/,low,2100,ypost,Transport,Road,0
trucking_h2_ev,Zero‑emission trucking,Freight electrification,"Annual abatement potential based on synthesis of IPCC AR6 WGIII, IEA NZE 2050 and IRENA WETO 1.5°C pathway ranges (order‑of‑magnitude consistent, non‑additive across sectors).",IPCC AR6 WGIII (2022); IEA Net Zero (2021); IRENA WETO (2023),,https://www.ipcc.ch/report/ar6/wg3/,high,2100,ypost,Transport,Road,0
wind,Wind,Power,<b>Anchor evidence:</b> IPCC AR6 WGIII Ch12 SM lists achievable mitigation potential for <b>wind</b> in 2030 of <b>2.1-5.6 GtCO2-eq</b>. UNEP-CCC estimates <b>~13.0 (11.9-14.1) GtCO2e</b> electricity mitigation potential in 2035. <br/><b>Translation:</b> same as Solar; for 2050+ split an indicative power decarb envelope 50/50 Solar/Wind (IEA NZE: wind+solar ~70% generation in 2050).,IPCC AR6 WGIII Ch12 SM (solar/wind ranges)|https://www.ipcc.ch/report/ar6/wg3/downloads/report/IPCC_AR6_WGIII_Chapter12_SM.pdf;;UNEP-CCC 2035 sectoral potentials|https://unepccc.org/wp-content/uploads/2024/10/sectoral-greenhouse-gas-emissions-reductions-potentials-in-2035.pdf;;IEA Net Zero by 2050 (wind+solar ~70% of generation in 2050)|https://www.iea.org/reports/net-zero-by-2050,,,low,2035,y2035,Power & Heat,Coal,4.37562876
wind,Wind,Power,<b>Anchor evidence:</b> IPCC AR6 WGIII Ch12 SM lists achievable mitigation potential for <b>wind</b> in 2030 of <b>2.1-5.6 GtCO2-eq</b>. UNEP-CCC estimates <b>~13.0 (11.9-14.1) GtCO2e</b> electricity mitigation potential in 2035. <br/><b>Translation:</b> same as Solar; for 2050+ split an indicative power decarb envelope 50/50 Solar/Wind (IEA NZE: wind+solar ~70% generation in 2050).,IPCC AR6 WGIII Ch12 SM (solar/wind ranges)|https://www.ipcc.ch/report/ar6/wg3/downloads/report/IPCC_AR6_WGIII_Chapter12_SM.pdf;;UNEP-CCC 2035 sectoral potentials|https://unepccc.org/wp-content/uploads/2024/10/sectoral-greenhouse-gas-emissions-reductions-potentials-in-2035.pdf;;IEA Net Zero by 2050 (wind+solar ~70% of generation in 2050)|https://www.iea.org/reports/net-zero-by-2050,,,high,2035,y2035,Power & Heat,Coal,4.37562876
wind,Wind,Power,<b>Anchor evidence:</b> IPCC AR6 WGIII Ch12 SM lists achievable mitigation potential for <b>wind</b> in 2030 of <b>2.1-5.6 GtCO2-eq</b>. UNEP-CCC estimates <b>~13.0 (11.9-14.1) GtCO2e</b> electricity mitigation potential in 2035. <br/><b>Translation:</b> same as Solar; for 2050+ split an indicative power decarb envelope 50/50 Solar/Wind (IEA NZE: wind+solar ~70% generation in 2050).,IPCC AR6 WGIII Ch12 SM (solar/wind ranges)|https://www.ipcc.ch/report/ar6/wg3/downloads/report/IPCC_AR6_WGIII_Chapter12_SM.pdf;;UNEP-CCC 2035 sectoral potentials|https://unepccc.org/wp-content/uploads/2024/10/sectoral-greenhouse-gas-emissions-reductions-potentials-in-2035.pdf;;IEA Net Zero by 2050 (wind+solar ~70% of generation in 2050)|https://www.iea.org/reports/net-zero-by-2050,,,low,2050,y2050,Power & Heat,Coal,1.532635
wind,Wind,Power,<b>Anchor evidence:</b> IPCC AR6 WGIII Ch12 SM lists achievable mitigation potential for <b>wind</b> in 2030 of <b>2.1-5.6 GtCO2-eq</b>. UNEP-CCC estimates <b>~13.0 (11.9-14.1) GtCO2e</b> electricity mitigation potential in 2035. <br/><b>Translation:</b> same as Solar; for 2050+ split an indicative power decarb envelope 50/50 Solar/Wind (IEA NZE: wind+solar ~70% generation in 2050).,IPCC AR6 WGIII Ch12 SM (solar/wind ranges)|https://www.ipcc.ch/report/ar6/wg3/downloads/report/IPCC_AR6_WGIII_Chapter12_SM.pdf;;UNEP-CCC 2035 sectoral potentials|https://unepccc.org/wp-content/uploads/2024/10/sectoral-greenhouse-gas-emissions-reductions-potentials-in-2035.pdf;;IEA Net Zero by 2050 (wind+solar ~70% of generation in 2050)|https://www.iea.org/reports/net-zero-by-2050,,,high,2050,y2050,Power & Heat,Coal,0.159505
wind,Wind,Power,<b>Anchor evidence:</b> IPCC AR6 WGIII Ch12 SM lists achievable mitigation potential for <b>wind</b> in 2030 of <b>2.1-5.6 GtCO2-eq</b>. UNEP-CCC estimates <b>~13.0 (11.9-14.1) GtCO2e</b> electricity mitigation potential in 2035. <br/><b>Translation:</b> same as Solar; for 2050+ split an indicative power decarb envelope 50/50 Solar/Wind (IEA NZE: wind+solar ~70% generation in 2050).,IPCC AR6 WGIII Ch12 SM (solar/wind ranges)|https://www.ipcc.ch/report/ar6/wg3/downloads/report/IPCC_AR6_WGIII_Chapter12_SM.pdf;;UNEP-CCC 2035 sectoral potentials|https://unepccc.org/wp-content/uploads/2024/10/sectoral-greenhouse-gas-emissions-reductions-potentials-in-2035.pdf;;IEA Net Zero by 2050 (wind+solar ~70% of generation in 2050)|https://www.iea.org/reports/net-zero-by-2050,,,low,2100,ypost,Power & Heat,Coal,0
wind,Wind,Power,<b>Anchor evidence:</b> IPCC AR6 WGIII Ch12 SM lists achievable mitigation potential for <b>wind</b> in 2030 of <b>2.1-5.6 GtCO2-eq</b>. UNEP-CCC estimates <b>~13.0 (11.9-14.1) GtCO2e</b> electricity mitigation potential in 2035. <br/><b>Translation:</b> same as Solar; for 2050+ split an indicative power decarb envelope 50/50 Solar/Wind (IEA NZE: wind+solar ~70% generation in 2050).,IPCC AR6 WGIII Ch12 SM (solar/wind ranges)|https://www.ipcc.ch/report/ar6/wg3/downloads/report/IPCC_AR6_WGIII_Chapter12_SM.pdf;;UNEP-CCC 2035 sectoral potentials|https://unepccc.org/wp-content/uploads/2024/10/sectoral-greenhouse-gas-emissions-reductions-potentials-in-2035.pdf;;IEA Net Zero by 2050 (wind+solar ~70% of generation in 2050)|https://www.iea.org/reports/net-zero-by-2050,,,high,2100,ypost,Power & Heat,Coal,0
wind,Wind,Power,<b>Anchor evidence:</b> IPCC AR6 WGIII Ch12 SM lists achievable mitigation potential for <b>wind</b> in 2030 of <b>2.1-5.6 GtCO2-eq</b>. UNEP-CCC estimates <b>~13.0 (11.9-14.1) GtCO2e</b> electricity mitigation potential in 2035. <br/><b>Translation:</b> same as Solar; for 2050+ split an indicative power decarb envelope 50/50 Solar/Wind (IEA NZE: wind+solar ~70% generation in 2050).,IPCC AR6 WGIII Ch12 SM (solar/wind ranges)|https://www.ipcc.ch/report/ar6/wg3/downloads/report/IPCC_AR6_WGIII_Chapter12_SM.pdf;;UNEP-CCC 2035 sectoral potentials|https://unepccc.org/wp-content/uploads/2024/10/sectoral-greenhouse-gas-emissions-reductions-potentials-in-2035.pdf;;IEA Net Zero by 2050 (wind+solar ~70% of generation in 2050)|https://www.iea.org/reports/net-zero-by-2050,,,low,2035,y2035,Power & Heat,Natural Gas,1.31868264
wind,Wind,Power,<b>Anchor evidence:</b> IPCC AR6 WGIII Ch12 SM lists achievable mitigation potential for <b>wind</b> in 2030 of <b>2.1-5.6 GtCO2-eq</b>. UNEP-CCC estimates <b>~13.0 (11.9-14.1) GtCO2e</b> electricity mitigation potential in 2035. <br/><b>Translation:</b> same as Solar; for 2050+ split an indicative power decarb envelope 50/50 Solar/Wind (IEA NZE: wind+solar ~70% generation in 2050).,IPCC AR6 WGIII Ch12 SM (solar/wind ranges)|https://www.ipcc.ch/report/ar6/wg3/downloads/report/IPCC_AR6_WGIII_Chapter12_SM.pdf;;UNEP-CCC 2035 sectoral potentials|https://unepccc.org/wp-content/uploads/2024/10/sectoral-greenhouse-gas-emissions-reductions-potentials-in-2035.pdf;;IEA Net Zero by 2050 (wind+solar ~70% of generation in 2050)|https://www.iea.org/reports/net-zero-by-2050,,,high,2035,y2035,Power & Heat,Natural Gas,1.31868264
wind,Wind,Power,<b>Anchor evidence:</b> IPCC AR6 WGIII Ch12 SM lists achievable mitigation potential for <b>wind</b> in 2030 of <b>2.1-5.6 GtCO2-eq</b>. UNEP-CCC estimates <b>~13.0 (11.9-14.1) GtCO2e</b> electricity mitigation potential in 2035. <br/><b>Translation:</b> same as Solar; for 2050+ split an indicative power decarb envelope 50/50 Solar/Wind (IEA NZE: wind+solar ~70% generation in 2050).,IPCC AR6 WGIII Ch12 SM (solar/wind ranges)|https://www.ipcc.ch/report/ar6/wg3/downloads/report/IPCC_AR6_WGIII_Chapter12_SM.pdf;;UNEP-CCC 2035 sectoral potentials|https://unepccc.org/wp-content/uploads/2024/10/sectoral-greenhouse-gas-emissions-reductions-potentials-in-2035.pdf;;IEA Net Zero by 2050 (wind+solar ~70% of generation in 2050)|https://www.iea.org/reports/net-zero-by-2050,,,low,2050,y2050,Power & Heat,Natural Gas,0.46189
wind,Wind,Power,<b>Anchor evidence:</b> IPCC AR6 WGIII Ch12 SM lists achievable mitigation potential for <b>wind</b> in 2030 of <b>2.1-5.6 GtCO2-eq</b>. UNEP-CCC estimates <b>~13.0 (11.9-14.1) GtCO2e</b> electricity mitigation potential in 2035. <br/><b>Translation:</b> same as Solar; for 2050+ split an indicative power decarb envelope 50/50 Solar/Wind (IEA NZE: wind+solar ~70% generation in 2050).,IPCC AR6 WGIII Ch12 SM (solar/wind ranges)|https://www.ipcc.ch/report/ar6/wg3/downloads/report/IPCC_AR6_WGIII_Chapter12_SM.pdf;;UNEP-CCC 2035 sectoral potentials|https://unepccc.org/wp-content/uploads/2024/10/sectoral-greenhouse-gas-emissions-reductions-potentials-in-2035.pdf;;IEA Net Zero by 2050 (wind+solar ~70% of generation in 2050)|https://www.iea.org/reports/net-zero-by-2050,,,high,2050,y2050,Power & Heat,Natural Gas,0.04807
wind,Wind,Power,<b>Anchor evidence:</b> IPCC AR6 WGIII Ch12 SM lists achievable mitigation potential for <b>wind</b> in 2030 of <b>2.1-5.6 GtCO2-eq</b>. UNEP-CCC estimates <b>~13.0 (11.9-14.1) GtCO2e</b> electricity mitigation potential in 2035. <br/><b>Translation:</b> same as Solar; for 2050+ split an indicative power decarb envelope 50/50 Solar/Wind (IEA NZE: wind+solar ~70% generation in 2050).,IPCC AR6 WGIII Ch12 SM (solar/wind ranges)|https://www.ipcc.ch/report/ar6/wg3/downloads/report/IPCC_AR6_WGIII_Chapter12_SM.pdf;;UNEP-CCC 2035 sectoral potentials|https://unepccc.org/wp-content/uploads/2024/10/sectoral-greenhouse-gas-emissions-reductions-potentials-in-2035.pdf;;IEA Net Zero by 2050 (wind+solar ~70% of generation in 2050)|https://www.iea.org/reports/net-zero-by-2050,,,low,2100,ypost,Power & Heat,Natural Gas,0
wind,Wind,Power,<b>Anchor evidence:</b> IPCC AR6 WGIII Ch12 SM lists achievable mitigation potential for <b>wind</b> in 2030 of <b>2.1-5.6 GtCO2-eq</b>. UNEP-CCC estimates <b>~13.0 (11.9-14.1) GtCO2e</b> electricity mitigation potential in 2035. <br/><b>Translation:</b> same as Solar; for 2050+ split an indicative power decarb envelope 50/50 Solar/Wind (IEA NZE: wind+solar ~70% generation in 2050).,IPCC AR6 WGIII Ch12 SM (solar/wind ranges)|https://www.ipcc.ch/report/ar6/wg3/downloads/report/IPCC_AR6_WGIII_Chapter12_SM.pdf;;UNEP-CCC 2035 sectoral potentials|https://unepccc.org/wp-content/uploads/2024/10/sectoral-greenhouse-gas-emissions-reductions-potentials-in-2035.pdf;;IEA Net Zero by 2050 (wind+solar ~70% of generation in 2050)|https://www.iea.org/reports/net-zero-by-2050,,,high,2100,ypost,Power & Heat,Natural Gas,0
wind,Wind,Power,<b>Anchor evidence:</b> IPCC AR6 WGIII Ch12 SM lists achievable mitigation potential for <b>wind</b> in 2030 of <b>2.1-5.6 GtCO2-eq</b>. UNEP-CCC estimates <b>~13.0 (11.9-14.1) GtCO2e</b> electricity mitigation potential in 2035. <br/><b>Translation:</b> same as Solar; for 2050+ split an indicative power decarb envelope 50/50 Solar/Wind (IEA NZE: wind+solar ~70% generation in 2050).,IPCC AR6 WGIII Ch12 SM (solar/wind ranges)|https://www.ipcc.ch/report/ar6/wg3/downloads/report/IPCC_AR6_WGIII_Chapter12_SM.pdf;;UNEP-CCC 2035 sectoral potentials|https://unepccc.org/wp-content/uploads/2024/10/sectoral-greenhouse-gas-emissions-reductions-potentials-in-2035.pdf;;IEA Net Zero by 2050 (wind+solar ~70% of generation in 2050)|https://www.iea.org/reports/net-zero-by-2050,,,low,2035,y2035,Power & Heat,Oil,0.2997006
wind,Wind,Power,<b>Anchor evidence:</b> IPCC AR6 WGIII Ch12 SM lists achievable mitigation potential for <b>wind</b> in 2030 of <b>2.1-5.6 GtCO2-eq</b>. UNEP-CCC estimates <b>~13.0 (11.9-14.1) GtCO2e</b> electricity mitigation potential in 2035. <br/><b>Translation:</b> same as Solar; for 2050+ split an indicative power decarb envelope 50/50 Solar/Wind (IEA NZE: wind+solar ~70% generation in 2050).,IPCC AR6 WGIII Ch12 SM (solar/wind ranges)|https://www.ipcc.ch/report/ar6/wg3/downloads/report/IPCC_AR6_WGIII_Chapter12_SM.pdf;;UNEP-CCC 2035 sectoral potentials|https://unepccc.org/wp-content/uploads/2024/10/sectoral-greenhouse-gas-emissions-reductions-potentials-in-2035.pdf;;IEA Net Zero by 2050 (wind+solar ~70% of generation in 2050)|https://www.iea.org/reports/net-zero-by-2050,,,high,2035,y2035,Power & Heat,Oil,0.2997006
wind,Wind,Power,<b>Anchor evidence:</b> IPCC AR6 WGIII Ch12 SM lists achievable mitigation potential for <b>wind</b> in 2030 of <b>2.1-5.6 GtCO2-eq</b>. UNEP-CCC estimates <b>~13.0 (11.9-14.1) GtCO2e</b> electricity mitigation potential in 2035. <br/><b>Translation:</b> same as Solar; for 2050+ split an indicative power decarb envelope 50/50 Solar/Wind (IEA NZE: wind+solar ~70% generation in 2050).,IPCC AR6 WGIII Ch12 SM (solar/wind ranges)|https://www.ipcc.ch/report/ar6/wg3/downloads/report/IPCC_AR6_WGIII_Chapter12_SM.pdf;;UNEP-CCC 2035 sectoral potentials|https://unepccc.org/wp-content/uploads/2024/10/sectoral-greenhouse-gas-emissions-reductions-potentials-in-2035.pdf;;IEA Net Zero by 2050 (wind+solar ~70% of generation in 2050)|https://www.iea.org/reports/net-zero-by-2050,,,low,2050,y2050,Power & Heat,Oil,0.104975
wind,Wind,Power,<b>Anchor evidence:</b> IPCC AR6 WGIII Ch12 SM lists achievable mitigation potential for <b>wind</b> in 2030 of <b>2.1-5.6 GtCO2-eq</b>. UNEP-CCC estimates <b>~13.0 (11.9-14.1) GtCO2e</b> electricity mitigation potential in 2035. <br/><b>Translation:</b> same as Solar; for 2050+ split an indicative power decarb envelope 50/50 Solar/Wind (IEA NZE: wind+solar ~70% generation in 2050).,IPCC AR6 WGIII Ch12 SM (solar/wind ranges)|https://www.ipcc.ch/report/ar6/wg3/downloads/report/IPCC_AR6_WGIII_Chapter12_SM.pdf;;UNEP-CCC 2035 sectoral potentials|https://unepccc.org/wp-content/uploads/2024/10/sectoral-greenhouse-gas-emissions-reductions-potentials-in-2035.pdf;;IEA Net Zero by 2050 (wind+solar ~70% of generation in 2050)|https://www.iea.org/reports/net-zero-by-2050,,,high,2050,y2050,Power & Heat,Oil,0.010925
wind,Wind,Power,<b>Anchor evidence:</b> IPCC AR6 WGIII Ch12 SM lists achievable mitigation potential for <b>wind</b> in 2030 of <b>2.1-5.6 GtCO2-eq</b>. UNEP-CCC estimates <b>~13.0 (11.9-14.1) GtCO2e</b> electricity mitigation potential in 2035. <br/><b>Translation:</b> same as Solar; for 2050+ split an indicative power decarb envelope 50/50 Solar/Wind (IEA NZE: wind+solar ~70% generation in 2050).,IPCC AR6 WGIII Ch12 SM (solar/wind ranges)|https://www.ipcc.ch/report/ar6/wg3/downloads/report/IPCC_AR6_WGIII_Chapter12_SM.pdf;;UNEP-CCC 2035 sectoral potentials|https://unepccc.org/wp-content/uploads/2024/10/sectoral-greenhouse-gas-emissions-reductions-potentials-in-2035.pdf;;IEA Net Zero by 2050 (wind+solar ~70% of generation in 2050)|https://www.iea.org/reports/net-zero-by-2050,,,low,2100,ypost,Power & Heat,Oil,0
wind,Wind,Power,<b>Anchor evidence:</b> IPCC AR6 WGIII Ch12 SM lists achievable mitigation potential for <b>wind</b> in 2030 of <b>2.1-5.6 GtCO2-eq</b>. UNEP-CCC estimates <b>~13.0 (11.9-14.1) GtCO2e</b> electricity mitigation potential in 2035. <br/><b>Translation:</b> same as Solar; for 2050+ split an indicative power decarb envelope 50/50 Solar/Wind (IEA NZE: wind+solar ~70% generation in 2050).,IPCC AR6 WGIII Ch12 SM (solar/wind ranges)|https://www.ipcc.ch/report/ar6/wg3/downloads/report/IPCC_AR6_WGIII_Chapter12_SM.pdf;;UNEP-CCC 2035 sectoral potentials|https://unepccc.org/wp-content/uploads/2024/10/sectoral-greenhouse-gas-emissions-reductions-potentials-in-2035.pdf;;IEA Net Zero by 2050 (wind+solar ~70% of generation in 2050)|https://www.iea.org/reports/net-zero-by-2050,,,high,2100,ypost,Power & Heat,Oil,0